PRAGMA defer_foreign_keys=TRUE;
CREATE TABLE d1_migrations(
		id         INTEGER PRIMARY KEY AUTOINCREMENT,
		name       TEXT UNIQUE,
		applied_at TIMESTAMP DEFAULT CURRENT_TIMESTAMP NOT NULL
);
INSERT INTO "d1_migrations" ("id","name","applied_at") VALUES(1,'0001_init.sql','2026-04-24 07:49:55');
INSERT INTO "d1_migrations" ("id","name","applied_at") VALUES(2,'0002_seed.sql','2026-04-24 07:49:55');
INSERT INTO "d1_migrations" ("id","name","applied_at") VALUES(3,'0003_more_locations_cuisines.sql','2026-04-25 01:59:42');
INSERT INTO "d1_migrations" ("id","name","applied_at") VALUES(4,'0004_maps_and_optional_date.sql','2026-04-25 01:59:43');
CREATE TABLE locations (
  id   INTEGER PRIMARY KEY,
  slug TEXT NOT NULL UNIQUE,
  name TEXT NOT NULL
);
INSERT INTO "locations" ("id","slug","name") VALUES(1,'cbd','Sydney CBD');
INSERT INTO "locations" ("id","slug","name") VALUES(2,'surry-hills','Surry Hills');
INSERT INTO "locations" ("id","slug","name") VALUES(3,'newtown','Newtown');
INSERT INTO "locations" ("id","slug","name") VALUES(4,'darlinghurst','Darlinghurst');
INSERT INTO "locations" ("id","slug","name") VALUES(5,'chippendale','Chippendale');
INSERT INTO "locations" ("id","slug","name") VALUES(6,'redfern','Redfern');
INSERT INTO "locations" ("id","slug","name") VALUES(7,'paddington','Paddington');
INSERT INTO "locations" ("id","slug","name") VALUES(8,'bondi','Bondi');
INSERT INTO "locations" ("id","slug","name") VALUES(9,'potts-point','Potts Point');
INSERT INTO "locations" ("id","slug","name") VALUES(10,'kings-cross','Kings Cross');
INSERT INTO "locations" ("id","slug","name") VALUES(11,'glebe','Glebe');
INSERT INTO "locations" ("id","slug","name") VALUES(12,'marrickville','Marrickville');
INSERT INTO "locations" ("id","slug","name") VALUES(13,'enmore','Enmore');
INSERT INTO "locations" ("id","slug","name") VALUES(14,'chinatown','Chinatown');
INSERT INTO "locations" ("id","slug","name") VALUES(15,'barangaroo','Barangaroo');
INSERT INTO "locations" ("id","slug","name") VALUES(16,'pyrmont','Pyrmont');
INSERT INTO "locations" ("id","slug","name") VALUES(17,'alexandria','Alexandria');
INSERT INTO "locations" ("id","slug","name") VALUES(18,'rosebery','Rosebery');
INSERT INTO "locations" ("id","slug","name") VALUES(19,'the-rocks','The Rocks');
INSERT INTO "locations" ("id","slug","name") VALUES(20,'millers-point','Millers Point');
INSERT INTO "locations" ("id","slug","name") VALUES(21,'walsh-bay','Walsh Bay');
INSERT INTO "locations" ("id","slug","name") VALUES(22,'dawes-point','Dawes Point');
INSERT INTO "locations" ("id","slug","name") VALUES(23,'haymarket','Haymarket');
INSERT INTO "locations" ("id","slug","name") VALUES(24,'ultimo','Ultimo');
INSERT INTO "locations" ("id","slug","name") VALUES(25,'darling-harbour','Darling Harbour');
INSERT INTO "locations" ("id","slug","name") VALUES(26,'woolloomooloo','Woolloomooloo');
INSERT INTO "locations" ("id","slug","name") VALUES(27,'elizabeth-bay','Elizabeth Bay');
INSERT INTO "locations" ("id","slug","name") VALUES(28,'rushcutters-bay','Rushcutters Bay');
INSERT INTO "locations" ("id","slug","name") VALUES(29,'edgecliff','Edgecliff');
INSERT INTO "locations" ("id","slug","name") VALUES(30,'darling-point','Darling Point');
INSERT INTO "locations" ("id","slug","name") VALUES(31,'double-bay','Double Bay');
INSERT INTO "locations" ("id","slug","name") VALUES(32,'bellevue-hill','Bellevue Hill');
INSERT INTO "locations" ("id","slug","name") VALUES(33,'rose-bay','Rose Bay');
INSERT INTO "locations" ("id","slug","name") VALUES(34,'point-piper','Point Piper');
INSERT INTO "locations" ("id","slug","name") VALUES(35,'vaucluse','Vaucluse');
INSERT INTO "locations" ("id","slug","name") VALUES(36,'watsons-bay','Watsons Bay');
INSERT INTO "locations" ("id","slug","name") VALUES(37,'dover-heights','Dover Heights');
INSERT INTO "locations" ("id","slug","name") VALUES(38,'woollahra','Woollahra');
INSERT INTO "locations" ("id","slug","name") VALUES(39,'centennial-park','Centennial Park');
INSERT INTO "locations" ("id","slug","name") VALUES(40,'moore-park','Moore Park');
INSERT INTO "locations" ("id","slug","name") VALUES(41,'bondi-beach','Bondi Beach');
INSERT INTO "locations" ("id","slug","name") VALUES(42,'bondi-junction','Bondi Junction');
INSERT INTO "locations" ("id","slug","name") VALUES(43,'north-bondi','North Bondi');
INSERT INTO "locations" ("id","slug","name") VALUES(44,'tamarama','Tamarama');
INSERT INTO "locations" ("id","slug","name") VALUES(45,'bronte','Bronte');
INSERT INTO "locations" ("id","slug","name") VALUES(46,'waverley','Waverley');
INSERT INTO "locations" ("id","slug","name") VALUES(47,'queens-park','Queens Park');
INSERT INTO "locations" ("id","slug","name") VALUES(48,'clovelly','Clovelly');
INSERT INTO "locations" ("id","slug","name") VALUES(49,'coogee','Coogee');
INSERT INTO "locations" ("id","slug","name") VALUES(50,'randwick','Randwick');
INSERT INTO "locations" ("id","slug","name") VALUES(51,'kensington','Kensington');
INSERT INTO "locations" ("id","slug","name") VALUES(52,'kingsford','Kingsford');
INSERT INTO "locations" ("id","slug","name") VALUES(53,'maroubra','Maroubra');
INSERT INTO "locations" ("id","slug","name") VALUES(54,'matraville','Matraville');
INSERT INTO "locations" ("id","slug","name") VALUES(55,'malabar','Malabar');
INSERT INTO "locations" ("id","slug","name") VALUES(56,'little-bay','Little Bay');
INSERT INTO "locations" ("id","slug","name") VALUES(57,'chifley','Chifley');
INSERT INTO "locations" ("id","slug","name") VALUES(58,'pagewood','Pagewood');
INSERT INTO "locations" ("id","slug","name") VALUES(59,'hillsdale','Hillsdale');
INSERT INTO "locations" ("id","slug","name") VALUES(60,'eastgardens','Eastgardens');
INSERT INTO "locations" ("id","slug","name") VALUES(61,'banksmeadow','Banksmeadow');
INSERT INTO "locations" ("id","slug","name") VALUES(62,'botany','Botany');
INSERT INTO "locations" ("id","slug","name") VALUES(63,'mascot','Mascot');
INSERT INTO "locations" ("id","slug","name") VALUES(64,'daceyville','Daceyville');
INSERT INTO "locations" ("id","slug","name") VALUES(65,'eastlakes','Eastlakes');
INSERT INTO "locations" ("id","slug","name") VALUES(66,'waterloo','Waterloo');
INSERT INTO "locations" ("id","slug","name") VALUES(67,'zetland','Zetland');
INSERT INTO "locations" ("id","slug","name") VALUES(68,'beaconsfield','Beaconsfield');
INSERT INTO "locations" ("id","slug","name") VALUES(69,'erskineville','Erskineville');
INSERT INTO "locations" ("id","slug","name") VALUES(70,'st-peters','St Peters');
INSERT INTO "locations" ("id","slug","name") VALUES(71,'sydenham','Sydenham');
INSERT INTO "locations" ("id","slug","name") VALUES(72,'tempe','Tempe');
INSERT INTO "locations" ("id","slug","name") VALUES(73,'camperdown','Camperdown');
INSERT INTO "locations" ("id","slug","name") VALUES(74,'darlington','Darlington');
INSERT INTO "locations" ("id","slug","name") VALUES(75,'forest-lodge','Forest Lodge');
INSERT INTO "locations" ("id","slug","name") VALUES(76,'annandale','Annandale');
INSERT INTO "locations" ("id","slug","name") VALUES(77,'stanmore','Stanmore');
INSERT INTO "locations" ("id","slug","name") VALUES(78,'petersham','Petersham');
INSERT INTO "locations" ("id","slug","name") VALUES(79,'dulwich-hill','Dulwich Hill');
INSERT INTO "locations" ("id","slug","name") VALUES(80,'hurlstone-park','Hurlstone Park');
INSERT INTO "locations" ("id","slug","name") VALUES(81,'lewisham','Lewisham');
INSERT INTO "locations" ("id","slug","name") VALUES(82,'summer-hill','Summer Hill');
INSERT INTO "locations" ("id","slug","name") VALUES(83,'ashfield','Ashfield');
INSERT INTO "locations" ("id","slug","name") VALUES(84,'haberfield','Haberfield');
INSERT INTO "locations" ("id","slug","name") VALUES(85,'leichhardt','Leichhardt');
INSERT INTO "locations" ("id","slug","name") VALUES(86,'lilyfield','Lilyfield');
INSERT INTO "locations" ("id","slug","name") VALUES(87,'rozelle','Rozelle');
INSERT INTO "locations" ("id","slug","name") VALUES(88,'balmain','Balmain');
INSERT INTO "locations" ("id","slug","name") VALUES(89,'balmain-east','Balmain East');
INSERT INTO "locations" ("id","slug","name") VALUES(90,'birchgrove','Birchgrove');
INSERT INTO "locations" ("id","slug","name") VALUES(91,'croydon','Croydon');
INSERT INTO "locations" ("id","slug","name") VALUES(92,'burwood','Burwood');
INSERT INTO "locations" ("id","slug","name") VALUES(93,'concord','Concord');
INSERT INTO "locations" ("id","slug","name") VALUES(94,'strathfield','Strathfield');
INSERT INTO "locations" ("id","slug","name") VALUES(95,'homebush','Homebush');
INSERT INTO "locations" ("id","slug","name") VALUES(96,'homebush-west','Homebush West');
INSERT INTO "locations" ("id","slug","name") VALUES(97,'north-strathfield','North Strathfield');
INSERT INTO "locations" ("id","slug","name") VALUES(98,'rhodes','Rhodes');
INSERT INTO "locations" ("id","slug","name") VALUES(99,'milsons-point','Milsons Point');
INSERT INTO "locations" ("id","slug","name") VALUES(100,'kirribilli','Kirribilli');
INSERT INTO "locations" ("id","slug","name") VALUES(101,'north-sydney','North Sydney');
INSERT INTO "locations" ("id","slug","name") VALUES(102,'mcmahons-point','McMahons Point');
INSERT INTO "locations" ("id","slug","name") VALUES(103,'waverton','Waverton');
INSERT INTO "locations" ("id","slug","name") VALUES(104,'lavender-bay','Lavender Bay');
INSERT INTO "locations" ("id","slug","name") VALUES(105,'wollstonecraft','Wollstonecraft');
INSERT INTO "locations" ("id","slug","name") VALUES(106,'crows-nest','Crows Nest');
INSERT INTO "locations" ("id","slug","name") VALUES(107,'st-leonards','St Leonards');
INSERT INTO "locations" ("id","slug","name") VALUES(108,'neutral-bay','Neutral Bay');
INSERT INTO "locations" ("id","slug","name") VALUES(109,'cremorne','Cremorne');
INSERT INTO "locations" ("id","slug","name") VALUES(110,'cremorne-point','Cremorne Point');
INSERT INTO "locations" ("id","slug","name") VALUES(111,'mosman','Mosman');
INSERT INTO "locations" ("id","slug","name") VALUES(112,'balmoral','Balmoral');
INSERT INTO "locations" ("id","slug","name") VALUES(113,'clifton-gardens','Clifton Gardens');
INSERT INTO "locations" ("id","slug","name") VALUES(114,'beauty-point','Beauty Point');
INSERT INTO "locations" ("id","slug","name") VALUES(115,'cammeray','Cammeray');
INSERT INTO "locations" ("id","slug","name") VALUES(116,'northbridge','Northbridge');
INSERT INTO "locations" ("id","slug","name") VALUES(117,'castlecrag','Castlecrag');
INSERT INTO "locations" ("id","slug","name") VALUES(118,'middle-cove','Middle Cove');
INSERT INTO "locations" ("id","slug","name") VALUES(119,'willoughby','Willoughby');
INSERT INTO "locations" ("id","slug","name") VALUES(120,'artarmon','Artarmon');
INSERT INTO "locations" ("id","slug","name") VALUES(121,'lane-cove','Lane Cove');
INSERT INTO "locations" ("id","slug","name") VALUES(122,'greenwich','Greenwich');
INSERT INTO "locations" ("id","slug","name") VALUES(123,'chatswood','Chatswood');
INSERT INTO "locations" ("id","slug","name") VALUES(124,'roseville','Roseville');
INSERT INTO "locations" ("id","slug","name") VALUES(125,'lindfield','Lindfield');
INSERT INTO "locations" ("id","slug","name") VALUES(126,'killara','Killara');
INSERT INTO "locations" ("id","slug","name") VALUES(127,'gordon','Gordon');
INSERT INTO "locations" ("id","slug","name") VALUES(128,'pymble','Pymble');
INSERT INTO "locations" ("id","slug","name") VALUES(129,'st-ives','St Ives');
INSERT INTO "locations" ("id","slug","name") VALUES(130,'turramurra','Turramurra');
INSERT INTO "locations" ("id","slug","name") VALUES(131,'warrawee','Warrawee');
INSERT INTO "locations" ("id","slug","name") VALUES(132,'wahroonga','Wahroonga');
INSERT INTO "locations" ("id","slug","name") VALUES(133,'hornsby','Hornsby');
INSERT INTO "locations" ("id","slug","name") VALUES(134,'waitara','Waitara');
INSERT INTO "locations" ("id","slug","name") VALUES(135,'normanhurst','Normanhurst');
INSERT INTO "locations" ("id","slug","name") VALUES(136,'thornleigh','Thornleigh');
INSERT INTO "locations" ("id","slug","name") VALUES(137,'pennant-hills','Pennant Hills');
INSERT INTO "locations" ("id","slug","name") VALUES(138,'west-pennant-hills','West Pennant Hills');
INSERT INTO "locations" ("id","slug","name") VALUES(139,'manly','Manly');
INSERT INTO "locations" ("id","slug","name") VALUES(140,'fairlight','Fairlight');
INSERT INTO "locations" ("id","slug","name") VALUES(141,'balgowlah','Balgowlah');
INSERT INTO "locations" ("id","slug","name") VALUES(142,'seaforth','Seaforth');
INSERT INTO "locations" ("id","slug","name") VALUES(143,'clontarf','Clontarf');
INSERT INTO "locations" ("id","slug","name") VALUES(144,'freshwater','Freshwater');
INSERT INTO "locations" ("id","slug","name") VALUES(145,'curl-curl','Curl Curl');
INSERT INTO "locations" ("id","slug","name") VALUES(146,'dee-why','Dee Why');
INSERT INTO "locations" ("id","slug","name") VALUES(147,'brookvale','Brookvale');
INSERT INTO "locations" ("id","slug","name") VALUES(148,'collaroy','Collaroy');
INSERT INTO "locations" ("id","slug","name") VALUES(149,'narrabeen','Narrabeen');
INSERT INTO "locations" ("id","slug","name") VALUES(150,'warriewood','Warriewood');
INSERT INTO "locations" ("id","slug","name") VALUES(151,'mona-vale','Mona Vale');
INSERT INTO "locations" ("id","slug","name") VALUES(152,'newport','Newport');
INSERT INTO "locations" ("id","slug","name") VALUES(153,'avalon','Avalon Beach');
INSERT INTO "locations" ("id","slug","name") VALUES(154,'whale-beach','Whale Beach');
INSERT INTO "locations" ("id","slug","name") VALUES(155,'palm-beach','Palm Beach');
INSERT INTO "locations" ("id","slug","name") VALUES(156,'five-dock','Five Dock');
INSERT INTO "locations" ("id","slug","name") VALUES(157,'drummoyne','Drummoyne');
INSERT INTO "locations" ("id","slug","name") VALUES(158,'russell-lea','Russell Lea');
INSERT INTO "locations" ("id","slug","name") VALUES(159,'abbotsford','Abbotsford');
INSERT INTO "locations" ("id","slug","name") VALUES(160,'wareemba','Wareemba');
INSERT INTO "locations" ("id","slug","name") VALUES(161,'canada-bay','Canada Bay');
INSERT INTO "locations" ("id","slug","name") VALUES(162,'parramatta','Parramatta');
INSERT INTO "locations" ("id","slug","name") VALUES(163,'harris-park','Harris Park');
INSERT INTO "locations" ("id","slug","name") VALUES(164,'rosehill','Rosehill');
INSERT INTO "locations" ("id","slug","name") VALUES(165,'granville','Granville');
INSERT INTO "locations" ("id","slug","name") VALUES(166,'auburn','Auburn');
INSERT INTO "locations" ("id","slug","name") VALUES(167,'lidcombe','Lidcombe');
INSERT INTO "locations" ("id","slug","name") VALUES(168,'flemington','Flemington');
INSERT INTO "locations" ("id","slug","name") VALUES(169,'olympic-park','Sydney Olympic Park');
INSERT INTO "locations" ("id","slug","name") VALUES(170,'west-ryde','West Ryde');
INSERT INTO "locations" ("id","slug","name") VALUES(171,'ryde','Ryde');
INSERT INTO "locations" ("id","slug","name") VALUES(172,'meadowbank','Meadowbank');
INSERT INTO "locations" ("id","slug","name") VALUES(173,'eastwood','Eastwood');
INSERT INTO "locations" ("id","slug","name") VALUES(174,'epping','Epping');
INSERT INTO "locations" ("id","slug","name") VALUES(175,'carlingford','Carlingford');
INSERT INTO "locations" ("id","slug","name") VALUES(176,'north-ryde','North Ryde');
INSERT INTO "locations" ("id","slug","name") VALUES(177,'macquarie-park','Macquarie Park');
INSERT INTO "locations" ("id","slug","name") VALUES(178,'north-parramatta','North Parramatta');
INSERT INTO "locations" ("id","slug","name") VALUES(179,'westmead','Westmead');
INSERT INTO "locations" ("id","slug","name") VALUES(180,'wentworthville','Wentworthville');
INSERT INTO "locations" ("id","slug","name") VALUES(181,'st-george','St George');
INSERT INTO "locations" ("id","slug","name") VALUES(182,'kogarah','Kogarah');
INSERT INTO "locations" ("id","slug","name") VALUES(183,'hurstville','Hurstville');
INSERT INTO "locations" ("id","slug","name") VALUES(184,'allawah','Allawah');
INSERT INTO "locations" ("id","slug","name") VALUES(185,'carlton','Carlton');
INSERT INTO "locations" ("id","slug","name") VALUES(186,'rockdale','Rockdale');
INSERT INTO "locations" ("id","slug","name") VALUES(187,'brighton-le-sands','Brighton-Le-Sands');
INSERT INTO "locations" ("id","slug","name") VALUES(188,'kyeemagh','Kyeemagh');
INSERT INTO "locations" ("id","slug","name") VALUES(189,'arncliffe','Arncliffe');
INSERT INTO "locations" ("id","slug","name") VALUES(190,'wolli-creek','Wolli Creek');
INSERT INTO "locations" ("id","slug","name") VALUES(191,'bexley','Bexley');
INSERT INTO "locations" ("id","slug","name") VALUES(192,'ramsgate','Ramsgate');
INSERT INTO "locations" ("id","slug","name") VALUES(193,'monterey','Monterey');
INSERT INTO "locations" ("id","slug","name") VALUES(194,'sans-souci','Sans Souci');
INSERT INTO "locations" ("id","slug","name") VALUES(195,'blakehurst','Blakehurst');
INSERT INTO "locations" ("id","slug","name") VALUES(196,'oatley','Oatley');
INSERT INTO "locations" ("id","slug","name") VALUES(197,'penshurst','Penshurst');
INSERT INTO "locations" ("id","slug","name") VALUES(198,'mortdale','Mortdale');
INSERT INTO "locations" ("id","slug","name") VALUES(199,'cronulla','Cronulla');
INSERT INTO "locations" ("id","slug","name") VALUES(200,'miranda','Miranda');
INSERT INTO "locations" ("id","slug","name") VALUES(201,'caringbah','Caringbah');
INSERT INTO "locations" ("id","slug","name") VALUES(202,'sylvania','Sylvania');
INSERT INTO "locations" ("id","slug","name") VALUES(203,'gymea','Gymea');
INSERT INTO "locations" ("id","slug","name") VALUES(204,'sutherland','Sutherland');
INSERT INTO "locations" ("id","slug","name") VALUES(205,'canterbury','Canterbury');
INSERT INTO "locations" ("id","slug","name") VALUES(206,'campsie','Campsie');
INSERT INTO "locations" ("id","slug","name") VALUES(207,'earlwood','Earlwood');
INSERT INTO "locations" ("id","slug","name") VALUES(208,'belmore','Belmore');
INSERT INTO "locations" ("id","slug","name") VALUES(209,'lakemba','Lakemba');
INSERT INTO "locations" ("id","slug","name") VALUES(210,'wiley-park','Wiley Park');
INSERT INTO "locations" ("id","slug","name") VALUES(211,'punchbowl','Punchbowl');
INSERT INTO "locations" ("id","slug","name") VALUES(212,'bankstown','Bankstown');
INSERT INTO "locations" ("id","slug","name") VALUES(213,'greenacre','Greenacre');
INSERT INTO "locations" ("id","slug","name") VALUES(214,'padstow','Padstow');
INSERT INTO "locations" ("id","slug","name") VALUES(215,'revesby','Revesby');
INSERT INTO "locations" ("id","slug","name") VALUES(216,'panania','Panania');
INSERT INTO "locations" ("id","slug","name") VALUES(217,'cabramatta','Cabramatta');
INSERT INTO "locations" ("id","slug","name") VALUES(218,'canley-vale','Canley Vale');
INSERT INTO "locations" ("id","slug","name") VALUES(219,'canley-heights','Canley Heights');
INSERT INTO "locations" ("id","slug","name") VALUES(220,'fairfield','Fairfield');
INSERT INTO "locations" ("id","slug","name") VALUES(221,'liverpool','Liverpool');
INSERT INTO "locations" ("id","slug","name") VALUES(222,'concord-west','Concord West');
INSERT INTO "locations" ("id","slug","name") VALUES(223,'circular-quay','Circular Quay');
INSERT INTO "locations" ("id","slug","name") VALUES(224,'blacktown','Blacktown');
INSERT INTO "locations" ("id","slug","name") VALUES(225,'lavendar-bay','Lavendar Bay');
INSERT INTO "locations" ("id","slug","name") VALUES(226,'darling-square','Darling Square');
INSERT INTO "locations" ("id","slug","name") VALUES(227,'pop-up','Pop Up');
INSERT INTO "locations" ("id","slug","name") VALUES(228,'bexley-north','Bexley North');
INSERT INTO "locations" ("id","slug","name") VALUES(229,'woolwich','Woolwich');
CREATE TABLE tags (
  id       INTEGER PRIMARY KEY,
  slug     TEXT NOT NULL UNIQUE,
  label    TEXT NOT NULL,
  category TEXT NOT NULL CHECK(category IN ('vibe','dietary','other'))
);
INSERT INTO "tags" ("id","slug","label","category") VALUES(1,'date','Date spot','vibe');
INSERT INTO "tags" ("id","slug","label","category") VALUES(2,'upscale','Upscale','vibe');
INSERT INTO "tags" ("id","slug","label","category") VALUES(3,'large-group','Large group','vibe');
INSERT INTO "tags" ("id","slug","label","category") VALUES(4,'small-group','Small group','vibe');
INSERT INTO "tags" ("id","slug","label","category") VALUES(5,'loud','Loud','vibe');
INSERT INTO "tags" ("id","slug","label","category") VALUES(6,'quiet','Quiet','vibe');
INSERT INTO "tags" ("id","slug","label","category") VALUES(7,'music','Live music','vibe');
INSERT INTO "tags" ("id","slug","label","category") VALUES(8,'dine-in','Dine-in','vibe');
INSERT INTO "tags" ("id","slug","label","category") VALUES(9,'takeaway','Takeaway','vibe');
INSERT INTO "tags" ("id","slug","label","category") VALUES(10,'casual','Casual','vibe');
INSERT INTO "tags" ("id","slug","label","category") VALUES(11,'cozy','Cozy','vibe');
INSERT INTO "tags" ("id","slug","label","category") VALUES(12,'outdoor','Outdoor seating','vibe');
INSERT INTO "tags" ("id","slug","label","category") VALUES(13,'vegetarian','Vegetarian options','dietary');
INSERT INTO "tags" ("id","slug","label","category") VALUES(14,'vegan','Vegan options','dietary');
INSERT INTO "tags" ("id","slug","label","category") VALUES(15,'gluten-free','Gluten-free','dietary');
INSERT INTO "tags" ("id","slug","label","category") VALUES(16,'halal','Halal','dietary');
INSERT INTO "tags" ("id","slug","label","category") VALUES(17,'kosher','Kosher','dietary');
INSERT INTO "tags" ("id","slug","label","category") VALUES(18,'nut-free','Nut-free','dietary');
INSERT INTO "tags" ("id","slug","label","category") VALUES(19,'bookings','Takes bookings','other');
INSERT INTO "tags" ("id","slug","label","category") VALUES(20,'walk-in','Walk-in only','other');
INSERT INTO "tags" ("id","slug","label","category") VALUES(21,'late-night','Open late','other');
INSERT INTO "tags" ("id","slug","label","category") VALUES(22,'fine-dining','Fine Dining','vibe');
CREATE TABLE restaurants (
  id            INTEGER PRIMARY KEY,
  slug          TEXT NOT NULL UNIQUE,
  name          TEXT NOT NULL,
  cuisine       TEXT,
  location_id   INTEGER REFERENCES locations(id),
  address       TEXT,
  price_tier    INTEGER CHECK(price_tier BETWEEN 1 AND 5),
  website_url   TEXT,
  menu_url      TEXT,
  wishlist_note TEXT,
  created_at    INTEGER NOT NULL DEFAULT (unixepoch()),
  updated_at    INTEGER NOT NULL DEFAULT (unixepoch())
, place_id TEXT, lat      REAL, lng      REAL, maps_url TEXT);
INSERT INTO "restaurants" ("id","slug","name","cuisine","location_id","address","price_tier","website_url","menu_url","wishlist_note","created_at","updated_at","place_id","lat","lng","maps_url") VALUES(4,'lu-s-deli','Lu’s Deli','Modern Australian',3,'52-60 Enmore Road',3,'https://lusdeli.com.au/','https://lusdeli.com.au/pdf/pdf_20260423_181048_9e8c78.pdf',NULL,1777028711,1777204912,NULL,NULL,NULL,NULL);
INSERT INTO "restaurants" ("id","slug","name","cuisine","location_id","address","price_tier","website_url","menu_url","wishlist_note","created_at","updated_at","place_id","lat","lng","maps_url") VALUES(5,'best-taste-of-asia','Best Taste of Asia',NULL,NULL,NULL,NULL,NULL,NULL,NULL,1777070290,1777070300,NULL,NULL,NULL,NULL);
INSERT INTO "restaurants" ("id","slug","name","cuisine","location_id","address","price_tier","website_url","menu_url","wishlist_note","created_at","updated_at","place_id","lat","lng","maps_url") VALUES(6,'juan-bowl-tea','Juan Bowl & Tea','Japanese',6,NULL,2,NULL,NULL,NULL,1777089289,1777089289,NULL,NULL,NULL,NULL);
INSERT INTO "restaurants" ("id","slug","name","cuisine","location_id","address","price_tier","website_url","menu_url","wishlist_note","created_at","updated_at","place_id","lat","lng","maps_url") VALUES(7,'lox-in-a-box','Lox in a Box','German, Polish',8,NULL,1,'https://www.loxinabox.com.au/',NULL,NULL,1777089289,1777089289,NULL,NULL,NULL,NULL);
INSERT INTO "restaurants" ("id","slug","name","cuisine","location_id","address","price_tier","website_url","menu_url","wishlist_note","created_at","updated_at","place_id","lat","lng","maps_url") VALUES(8,'platform-eighty-two','Platform Eighty-Two','American',222,NULL,2,'https://www.platform82.com.au/',NULL,NULL,1777089289,1777089289,NULL,NULL,NULL,NULL);
INSERT INTO "restaurants" ("id","slug","name","cuisine","location_id","address","price_tier","website_url","menu_url","wishlist_note","created_at","updated_at","place_id","lat","lng","maps_url") VALUES(9,'jimmy-s-falafel','Jimmy''s Falafel','Middle Eastern',1,NULL,2,'https://merivale.com/venues/jimmys-falafel/',NULL,NULL,1777089289,1777089289,NULL,NULL,NULL,NULL);
INSERT INTO "restaurants" ("id","slug","name","cuisine","location_id","address","price_tier","website_url","menu_url","wishlist_note","created_at","updated_at","place_id","lat","lng","maps_url") VALUES(10,'albee-s-kitchen','Albee''s Kitchen','Malaysian',206,'Also at: Kingsford',1,'https://albeeskitchen.com.au/',NULL,NULL,1777089289,1777089289,NULL,NULL,NULL,NULL);
INSERT INTO "restaurants" ("id","slug","name","cuisine","location_id","address","price_tier","website_url","menu_url","wishlist_note","created_at","updated_at","place_id","lat","lng","maps_url") VALUES(11,'5th-earl','5th Earl','Cafe',18,NULL,2,'https://www.the5thearlrosebery.com/',NULL,NULL,1777089289,1777089289,NULL,NULL,NULL,NULL);
INSERT INTO "restaurants" ("id","slug","name","cuisine","location_id","address","price_tier","website_url","menu_url","wishlist_note","created_at","updated_at","place_id","lat","lng","maps_url") VALUES(12,'the-italian-bowl','The Italian Bowl','Italian',3,NULL,2,'https://theitalianbowl.com.au/',NULL,NULL,1777089289,1777089289,NULL,NULL,NULL,NULL);
INSERT INTO "restaurants" ("id","slug","name","cuisine","location_id","address","price_tier","website_url","menu_url","wishlist_note","created_at","updated_at","place_id","lat","lng","maps_url") VALUES(13,'chargrill-charlie-s','Chargrill Charlie''s','American, Western',76,'Also at: Beecroft, Bondi, Coogee, Dee Why, Drummoyne, Frenchs Forest, Lane Cove, Mona Vale, Mosman, Neutral Bay, Randwick, Rose Bay, St Ives, Wahroonga, Willoughby, Woollahra',1,'https://chargrillcharlies.com/',NULL,NULL,1777089289,1777089289,NULL,NULL,NULL,NULL);
INSERT INTO "restaurants" ("id","slug","name","cuisine","location_id","address","price_tier","website_url","menu_url","wishlist_note","created_at","updated_at","place_id","lat","lng","maps_url") VALUES(14,'bar-luca','Bar Luca','American',1,'Also at: Darlinghurst, Newtown, Parramatta',2,'https://barluca.com.au/',NULL,NULL,1777089289,1777089289,NULL,NULL,NULL,NULL);
INSERT INTO "restaurants" ("id","slug","name","cuisine","location_id","address","price_tier","website_url","menu_url","wishlist_note","created_at","updated_at","place_id","lat","lng","maps_url") VALUES(15,'terra-cotta-roasters','Terra Cotta Roasters','Cafe',17,'Also at: Darlington',1,'https://terracottaroasters.com/',NULL,NULL,1777089289,1777089289,NULL,NULL,NULL,NULL);
INSERT INTO "restaurants" ("id","slug","name","cuisine","location_id","address","price_tier","website_url","menu_url","wishlist_note","created_at","updated_at","place_id","lat","lng","maps_url") VALUES(16,'rara-ramen','RaRa Ramen','Japanese',50,'Also at: Redfern',2,'https://www.rararamen.com.au/',NULL,NULL,1777089289,1777089289,NULL,NULL,NULL,NULL);
INSERT INTO "restaurants" ("id","slug","name","cuisine","location_id","address","price_tier","website_url","menu_url","wishlist_note","created_at","updated_at","place_id","lat","lng","maps_url") VALUES(17,'shuk','Shuk','Israeli',8,'Also at: Chatswood, Elizabeth Bay',2,'https://www.shuk.com.au/',NULL,NULL,1777089289,1777089289,NULL,NULL,NULL,NULL);
INSERT INTO "restaurants" ("id","slug","name","cuisine","location_id","address","price_tier","website_url","menu_url","wishlist_note","created_at","updated_at","place_id","lat","lng","maps_url") VALUES(18,'johnny-bird','Johnny Bird','American',106,NULL,2,'https://johnnybird.com.au/',NULL,NULL,1777089289,1777089289,NULL,NULL,NULL,NULL);
INSERT INTO "restaurants" ("id","slug","name","cuisine","location_id","address","price_tier","website_url","menu_url","wishlist_note","created_at","updated_at","place_id","lat","lng","maps_url") VALUES(19,'stacks-burger-house-eatery','Stacks Burger House & Eatery','American',NULL,NULL,NULL,'https://www.stackseatery.com.au/',NULL,NULL,1777089289,1777089289,NULL,NULL,NULL,NULL);
INSERT INTO "restaurants" ("id","slug","name","cuisine","location_id","address","price_tier","website_url","menu_url","wishlist_note","created_at","updated_at","place_id","lat","lng","maps_url") VALUES(20,'hurricanes-grill','Hurricanes Grill','Modern Australian, South African',187,'Also at: Circular Quay, Darling Harbour',3,'https://hurricanesgrillrestaurants.com.au/darling-harbour/',NULL,NULL,1777089289,1777089289,NULL,NULL,NULL,NULL);
INSERT INTO "restaurants" ("id","slug","name","cuisine","location_id","address","price_tier","website_url","menu_url","wishlist_note","created_at","updated_at","place_id","lat","lng","maps_url") VALUES(21,'social-brew-cafe','Social Brew Cafe','Cafe',16,NULL,2,'https://www.socialbrewcafe.com.au/',NULL,NULL,1777089289,1777089289,NULL,NULL,NULL,NULL);
INSERT INTO "restaurants" ("id","slug","name","cuisine","location_id","address","price_tier","website_url","menu_url","wishlist_note","created_at","updated_at","place_id","lat","lng","maps_url") VALUES(22,'cedric-s','Cedric''s','Cafe',1,NULL,3,'https://www.regentplace.com.au/cedrics',NULL,NULL,1777089289,1777089289,NULL,NULL,NULL,NULL);
INSERT INTO "restaurants" ("id","slug","name","cuisine","location_id","address","price_tier","website_url","menu_url","wishlist_note","created_at","updated_at","place_id","lat","lng","maps_url") VALUES(23,'gogyo','Gogyo','Japanese',1,NULL,NULL,'http://ippudo.com.au/gogyo/',NULL,NULL,1777089289,1777089289,NULL,NULL,NULL,NULL);
INSERT INTO "restaurants" ("id","slug","name","cuisine","location_id","address","price_tier","website_url","menu_url","wishlist_note","created_at","updated_at","place_id","lat","lng","maps_url") VALUES(24,'burger-anonymous','Burger Anonymous','American',83,'Also at: Balmain, Campsie, Darlinghurst, Fairfield, Sydenham',2,NULL,NULL,NULL,1777089289,1777089289,NULL,NULL,NULL,NULL);
INSERT INTO "restaurants" ("id","slug","name","cuisine","location_id","address","price_tier","website_url","menu_url","wishlist_note","created_at","updated_at","place_id","lat","lng","maps_url") VALUES(25,'burger-10','Burger 10','Multi Cuisine',50,NULL,1,'https://www.burger10.com.au/',NULL,NULL,1777089289,1777089289,NULL,NULL,NULL,NULL);
INSERT INTO "restaurants" ("id","slug","name","cuisine","location_id","address","price_tier","website_url","menu_url","wishlist_note","created_at","updated_at","place_id","lat","lng","maps_url") VALUES(26,'messina','Messina','Italian',25,'Also at: Rosebery',1,'https://gelatomessina.com/',NULL,NULL,1777089289,1777089289,NULL,NULL,NULL,NULL);
INSERT INTO "restaurants" ("id","slug","name","cuisine","location_id","address","price_tier","website_url","menu_url","wishlist_note","created_at","updated_at","place_id","lat","lng","maps_url") VALUES(27,'lumi-dining','Lumi Dining','Italian, Japanese',16,NULL,5,'https://www.lumidining.com/',NULL,NULL,1777089289,1777089289,NULL,NULL,NULL,NULL);
INSERT INTO "restaurants" ("id","slug","name","cuisine","location_id","address","price_tier","website_url","menu_url","wishlist_note","created_at","updated_at","place_id","lat","lng","maps_url") VALUES(28,'hubert','Hubert','French',1,NULL,4,'https://swillhouse.com/venues/restaurant-hubert/',NULL,NULL,1777089289,1777089289,NULL,NULL,NULL,NULL);
INSERT INTO "restaurants" ("id","slug","name","cuisine","location_id","address","price_tier","website_url","menu_url","wishlist_note","created_at","updated_at","place_id","lat","lng","maps_url") VALUES(29,'sushi-tengoku','Sushi Tengoku','Japanese',51,NULL,2,NULL,NULL,NULL,1777089289,1777089289,NULL,NULL,NULL,NULL);
INSERT INTO "restaurants" ("id","slug","name","cuisine","location_id","address","price_tier","website_url","menu_url","wishlist_note","created_at","updated_at","place_id","lat","lng","maps_url") VALUES(30,'maranello-s','Maranello’s','Italian',93,'Also at: Croydon Park, Maroubra, Summer Hills',2,'https://maranellos.com.au/',NULL,NULL,1777089289,1777089289,NULL,NULL,NULL,NULL);
INSERT INTO "restaurants" ("id","slug","name","cuisine","location_id","address","price_tier","website_url","menu_url","wishlist_note","created_at","updated_at","place_id","lat","lng","maps_url") VALUES(31,'bennelong','Bennelong','Modern Australian',223,NULL,5,'https://www.bennelong.com.au/',NULL,NULL,1777089289,1777089289,NULL,NULL,NULL,NULL);
INSERT INTO "restaurants" ("id","slug","name","cuisine","location_id","address","price_tier","website_url","menu_url","wishlist_note","created_at","updated_at","place_id","lat","lng","maps_url") VALUES(32,'sekka-dining','Sekka Dining','Japanese',107,NULL,2,'https://www.sekkadining.com.au/',NULL,NULL,1777089289,1777089289,NULL,NULL,NULL,NULL);
INSERT INTO "restaurants" ("id","slug","name","cuisine","location_id","address","price_tier","website_url","menu_url","wishlist_note","created_at","updated_at","place_id","lat","lng","maps_url") VALUES(33,'nandos','Nandos','Portugese',123,NULL,1,'https://www.nandos.com.au/',NULL,NULL,1777089289,1777089289,NULL,NULL,NULL,NULL);
INSERT INTO "restaurants" ("id","slug","name","cuisine","location_id","address","price_tier","website_url","menu_url","wishlist_note","created_at","updated_at","place_id","lat","lng","maps_url") VALUES(34,'pho-an','Pho An','Vietnamese',212,NULL,1,'http://www.anrestaurant.com.au/',NULL,NULL,1777089289,1777089289,NULL,NULL,NULL,NULL);
INSERT INTO "restaurants" ("id","slug","name","cuisine","location_id","address","price_tier","website_url","menu_url","wishlist_note","created_at","updated_at","place_id","lat","lng","maps_url") VALUES(35,'slim-s-quality-burger','Slim’s Quality Burger','American',12,NULL,2,'https://www.slimsqualityburger.com/',NULL,NULL,1777089289,1777089289,NULL,NULL,NULL,NULL);
INSERT INTO "restaurants" ("id","slug","name","cuisine","location_id","address","price_tier","website_url","menu_url","wishlist_note","created_at","updated_at","place_id","lat","lng","maps_url") VALUES(36,'smokey-sue-s','Smokey Sue’s','Western',53,NULL,2,'https://www.smokysues.com.au/',NULL,NULL,1777089289,1777089289,NULL,NULL,NULL,NULL);
INSERT INTO "restaurants" ("id","slug","name","cuisine","location_id","address","price_tier","website_url","menu_url","wishlist_note","created_at","updated_at","place_id","lat","lng","maps_url") VALUES(37,'mr-stonepot','Mr Stonepot','Chinese',123,NULL,2,NULL,NULL,NULL,1777089289,1777089289,NULL,NULL,NULL,NULL);
INSERT INTO "restaurants" ("id","slug","name","cuisine","location_id","address","price_tier","website_url","menu_url","wishlist_note","created_at","updated_at","place_id","lat","lng","maps_url") VALUES(38,'ribs-burgers','Ribs & Burgers','American, Modern Australian',123,'Also at: Chippendale, Drummoyne, Eastgardens, Neutral Bay, Randwick, Rhodes, The Rocks, Zetland',2,'https://ribsandburgers.com/au/',NULL,NULL,1777089289,1777089289,NULL,NULL,NULL,NULL);
INSERT INTO "restaurants" ("id","slug","name","cuisine","location_id","address","price_tier","website_url","menu_url","wishlist_note","created_at","updated_at","place_id","lat","lng","maps_url") VALUES(39,'happy-ending-burger','Happy Ending Burger','Multi Cuisine',93,NULL,1,'https://www.happyendingburgers.com.au/',NULL,NULL,1777089289,1777089289,NULL,NULL,NULL,NULL);
INSERT INTO "restaurants" ("id","slug","name","cuisine","location_id","address","price_tier","website_url","menu_url","wishlist_note","created_at","updated_at","place_id","lat","lng","maps_url") VALUES(40,'6head','6Head','Modern Australian',25,NULL,4,'https://6head.com.au/',NULL,NULL,1777089289,1777089289,NULL,NULL,NULL,NULL);
INSERT INTO "restaurants" ("id","slug","name","cuisine","location_id","address","price_tier","website_url","menu_url","wishlist_note","created_at","updated_at","place_id","lat","lng","maps_url") VALUES(41,'gumshara-ramen','Gumshara Ramen','Japanese',23,NULL,2,'https://gumshara.com/',NULL,NULL,1777089289,1777089289,NULL,NULL,NULL,NULL);
INSERT INTO "restaurants" ("id","slug","name","cuisine","location_id","address","price_tier","website_url","menu_url","wishlist_note","created_at","updated_at","place_id","lat","lng","maps_url") VALUES(42,'bake-bar','Bake Bar','Cafe',31,'Also at: Randwick, Rose Bay',1,'https://bakebar.com.au/',NULL,NULL,1777089289,1777089289,NULL,NULL,NULL,NULL);
INSERT INTO "restaurants" ("id","slug","name","cuisine","location_id","address","price_tier","website_url","menu_url","wishlist_note","created_at","updated_at","place_id","lat","lng","maps_url") VALUES(43,'old-garden-kaffee','Old Garden Kaffee','Cafe',1,NULL,1,NULL,NULL,NULL,1777089289,1777089289,NULL,NULL,NULL,NULL);
INSERT INTO "restaurants" ("id","slug","name","cuisine","location_id","address","price_tier","website_url","menu_url","wishlist_note","created_at","updated_at","place_id","lat","lng","maps_url") VALUES(44,'gavroche','Gavroche','French',5,NULL,3,'https://gavroche.com.au/',NULL,NULL,1777089289,1777089289,NULL,NULL,NULL,NULL);
INSERT INTO "restaurants" ("id","slug","name","cuisine","location_id","address","price_tier","website_url","menu_url","wishlist_note","created_at","updated_at","place_id","lat","lng","maps_url") VALUES(45,'butter','Butter','American, Japanese',123,'Also at: Parramatta, Surry Hills',2,'https://buttersydney.com.au/',NULL,NULL,1777089289,1777089289,NULL,NULL,NULL,NULL);
INSERT INTO "restaurants" ("id","slug","name","cuisine","location_id","address","price_tier","website_url","menu_url","wishlist_note","created_at","updated_at","place_id","lat","lng","maps_url") VALUES(46,'nomad','NOMAD','Middle Eastern',2,NULL,4,'https://nomad.sydney/',NULL,NULL,1777089289,1777089289,NULL,NULL,NULL,NULL);
INSERT INTO "restaurants" ("id","slug","name","cuisine","location_id","address","price_tier","website_url","menu_url","wishlist_note","created_at","updated_at","place_id","lat","lng","maps_url") VALUES(47,'kickin-inn','Kickin Inn',NULL,67,NULL,NULL,NULL,NULL,NULL,1777089289,1777089289,NULL,NULL,NULL,NULL);
INSERT INTO "restaurants" ("id","slug","name","cuisine","location_id","address","price_tier","website_url","menu_url","wishlist_note","created_at","updated_at","place_id","lat","lng","maps_url") VALUES(48,'kokoroya','Kokoroya','Japanese',53,NULL,2,'http://kokoroya.com.au/',NULL,NULL,1777089289,1777089289,NULL,NULL,NULL,NULL);
INSERT INTO "restaurants" ("id","slug","name","cuisine","location_id","address","price_tier","website_url","menu_url","wishlist_note","created_at","updated_at","place_id","lat","lng","maps_url") VALUES(49,'glass-brasserie','Glass Brasserie','French',1,NULL,4,'https://www.glassbrasserie.com.au/',NULL,NULL,1777089289,1777089289,NULL,NULL,NULL,NULL);
INSERT INTO "restaurants" ("id","slug","name","cuisine","location_id","address","price_tier","website_url","menu_url","wishlist_note","created_at","updated_at","place_id","lat","lng","maps_url") VALUES(50,'devon','Devon',NULL,15,'Also at: North Sydney, Surry Hills',NULL,NULL,NULL,NULL,1777089289,1777089289,NULL,NULL,NULL,NULL);
INSERT INTO "restaurants" ("id","slug","name","cuisine","location_id","address","price_tier","website_url","menu_url","wishlist_note","created_at","updated_at","place_id","lat","lng","maps_url") VALUES(51,'nel-restaurant','Nel. Restaurant','Modern Australian',NULL,NULL,NULL,NULL,NULL,NULL,1777089289,1777089289,NULL,NULL,NULL,NULL);
INSERT INTO "restaurants" ("id","slug","name","cuisine","location_id","address","price_tier","website_url","menu_url","wishlist_note","created_at","updated_at","place_id","lat","lng","maps_url") VALUES(52,'zodiac-rnb','Zodiac RnB',NULL,94,NULL,NULL,NULL,NULL,NULL,1777089289,1777089289,NULL,NULL,NULL,NULL);
INSERT INTO "restaurants" ("id","slug","name","cuisine","location_id","address","price_tier","website_url","menu_url","wishlist_note","created_at","updated_at","place_id","lat","lng","maps_url") VALUES(53,'tao-restaurant','Tao Restaurant','Chinese',1,NULL,3,'https://www.taosydney.com.au/',NULL,NULL,1777089289,1777089289,NULL,NULL,NULL,NULL);
INSERT INTO "restaurants" ("id","slug","name","cuisine","location_id","address","price_tier","website_url","menu_url","wishlist_note","created_at","updated_at","place_id","lat","lng","maps_url") VALUES(54,'el-jannah-s','El Jannah’s','Middle Eastern',224,'Also at: Burwood, Campbelltown, Earlwood, Granville, Gregory Hills, Kogarah, Newtown, Penrith, Punchbowl, Smithfield',1,'https://eljannah.com.au/',NULL,NULL,1777089289,1777089289,NULL,NULL,NULL,NULL);
INSERT INTO "restaurants" ("id","slug","name","cuisine","location_id","address","price_tier","website_url","menu_url","wishlist_note","created_at","updated_at","place_id","lat","lng","maps_url") VALUES(55,'the-general','The General','Cafe',79,NULL,NULL,NULL,NULL,NULL,1777089289,1777089289,NULL,NULL,NULL,NULL);
INSERT INTO "restaurants" ("id","slug","name","cuisine","location_id","address","price_tier","website_url","menu_url","wishlist_note","created_at","updated_at","place_id","lat","lng","maps_url") VALUES(56,'pina','Pina','Cafe',9,NULL,2,'https://order.pinapottspoint.com.au/',NULL,NULL,1777089289,1777089289,NULL,NULL,NULL,NULL);
INSERT INTO "restaurants" ("id","slug","name","cuisine","location_id","address","price_tier","website_url","menu_url","wishlist_note","created_at","updated_at","place_id","lat","lng","maps_url") VALUES(57,'benbry-burgers','BenBry Burgers','American',139,NULL,2,NULL,NULL,NULL,1777089289,1777089289,NULL,NULL,NULL,NULL);
INSERT INTO "restaurants" ("id","slug","name","cuisine","location_id","address","price_tier","website_url","menu_url","wishlist_note","created_at","updated_at","place_id","lat","lng","maps_url") VALUES(58,'the-apollo','The Apollo','Greek',9,NULL,NULL,'http://www.theapollo.com.au/',NULL,NULL,1777089289,1777089289,NULL,NULL,NULL,NULL);
INSERT INTO "restaurants" ("id","slug","name","cuisine","location_id","address","price_tier","website_url","menu_url","wishlist_note","created_at","updated_at","place_id","lat","lng","maps_url") VALUES(59,'emma-s-snack-bar','Emma’s Snack Bar',NULL,NULL,NULL,NULL,NULL,NULL,NULL,1777089289,1777089289,NULL,NULL,NULL,NULL);
INSERT INTO "restaurants" ("id","slug","name","cuisine","location_id","address","price_tier","website_url","menu_url","wishlist_note","created_at","updated_at","place_id","lat","lng","maps_url") VALUES(60,'two-chaps','Two Chaps','Mediterranean',12,NULL,2,'https://www.twochaps.com.au/',NULL,NULL,1777089289,1777089289,NULL,NULL,NULL,NULL);
INSERT INTO "restaurants" ("id","slug","name","cuisine","location_id","address","price_tier","website_url","menu_url","wishlist_note","created_at","updated_at","place_id","lat","lng","maps_url") VALUES(61,'nugu','Nugu','Korean',1,NULL,NULL,NULL,NULL,NULL,1777089289,1777089289,NULL,NULL,NULL,NULL);
INSERT INTO "restaurants" ("id","slug","name","cuisine","location_id","address","price_tier","website_url","menu_url","wishlist_note","created_at","updated_at","place_id","lat","lng","maps_url") VALUES(62,'mjolner','Mjolner','Middle Eastern',6,NULL,3,'https://mjolner.com.au/',NULL,NULL,1777089289,1777089289,NULL,NULL,NULL,NULL);
INSERT INTO "restaurants" ("id","slug","name","cuisine","location_id","address","price_tier","website_url","menu_url","wishlist_note","created_at","updated_at","place_id","lat","lng","maps_url") VALUES(63,'the-little-snail','The Little Snail','French',16,NULL,3,'https://thelittlesnail.com.au/',NULL,NULL,1777089289,1777089289,NULL,NULL,NULL,NULL);
INSERT INTO "restaurants" ("id","slug","name","cuisine","location_id","address","price_tier","website_url","menu_url","wishlist_note","created_at","updated_at","place_id","lat","lng","maps_url") VALUES(64,'franca-brasserie-bar','Franca Brasserie & Bar','French',9,NULL,3,NULL,NULL,NULL,1777089289,1777089289,NULL,NULL,NULL,NULL);
INSERT INTO "restaurants" ("id","slug","name","cuisine","location_id","address","price_tier","website_url","menu_url","wishlist_note","created_at","updated_at","place_id","lat","lng","maps_url") VALUES(65,'eggshellent','Eggshellent','Cafe',50,NULL,2,'https://www.facebook.com/eggshellentcafe/',NULL,NULL,1777089289,1777089289,NULL,NULL,NULL,NULL);
INSERT INTO "restaurants" ("id","slug","name","cuisine","location_id","address","price_tier","website_url","menu_url","wishlist_note","created_at","updated_at","place_id","lat","lng","maps_url") VALUES(66,'chefs-gallery','Chefs Gallery','Chinese',1,NULL,2,'https://www.chefsgallery.com.au/',NULL,NULL,1777089289,1777089289,NULL,NULL,NULL,NULL);
INSERT INTO "restaurants" ("id","slug","name","cuisine","location_id","address","price_tier","website_url","menu_url","wishlist_note","created_at","updated_at","place_id","lat","lng","maps_url") VALUES(67,'tetsuyas','Tetsuyas','French, Japanese',1,NULL,5,'https://www.tetsuyas.com/',NULL,NULL,1777089289,1777089289,NULL,NULL,NULL,NULL);
INSERT INTO "restaurants" ("id","slug","name","cuisine","location_id","address","price_tier","website_url","menu_url","wishlist_note","created_at","updated_at","place_id","lat","lng","maps_url") VALUES(68,'the-bavarian','The Bavarian','German',1,NULL,2,'https://www.thebavarians.com/',NULL,NULL,1777089289,1777089289,NULL,NULL,NULL,NULL);
INSERT INTO "restaurants" ("id","slug","name","cuisine","location_id","address","price_tier","website_url","menu_url","wishlist_note","created_at","updated_at","place_id","lat","lng","maps_url") VALUES(69,'cafe-crop','Cafe Crop','Korean',94,NULL,2,'https://cafe-crop.business.site/',NULL,NULL,1777089289,1777089289,NULL,NULL,NULL,NULL);
INSERT INTO "restaurants" ("id","slug","name","cuisine","location_id","address","price_tier","website_url","menu_url","wishlist_note","created_at","updated_at","place_id","lat","lng","maps_url") VALUES(70,'kanzai-japanese-restaurant','Kanzai Japanese Restaurant','Japanese',1,NULL,2,'http://kansai.com.au/',NULL,NULL,1777089289,1777089289,NULL,NULL,NULL,NULL);
INSERT INTO "restaurants" ("id","slug","name","cuisine","location_id","address","price_tier","website_url","menu_url","wishlist_note","created_at","updated_at","place_id","lat","lng","maps_url") VALUES(71,'kobe-wagyu','Kobe Wagyu','Japanese',1,NULL,3,'http://www.kobewagyubbq.com.au/',NULL,NULL,1777089289,1777089289,NULL,NULL,NULL,NULL);
INSERT INTO "restaurants" ("id","slug","name","cuisine","location_id","address","price_tier","website_url","menu_url","wishlist_note","created_at","updated_at","place_id","lat","lng","maps_url") VALUES(72,'bondi-pizza','Bondi Pizza','Italian',60,'Also at: Macquarie, Parramatta',2,'https://www.bondipizza.com.au/',NULL,NULL,1777089289,1777089289,NULL,NULL,NULL,NULL);
INSERT INTO "restaurants" ("id","slug","name","cuisine","location_id","address","price_tier","website_url","menu_url","wishlist_note","created_at","updated_at","place_id","lat","lng","maps_url") VALUES(73,'the-savoury-dining','The Savoury Dining','Vietnamese',97,NULL,2,'https://www.thesavourydining.com.au/',NULL,NULL,1777089289,1777089289,NULL,NULL,NULL,NULL);
INSERT INTO "restaurants" ("id","slug","name","cuisine","location_id","address","price_tier","website_url","menu_url","wishlist_note","created_at","updated_at","place_id","lat","lng","maps_url") VALUES(74,'mango-coco','Mango Coco','Thai',1,NULL,1,'https://www.mangococo.com.au/',NULL,NULL,1777089289,1777089289,NULL,NULL,NULL,NULL);
INSERT INTO "restaurants" ("id","slug","name","cuisine","location_id","address","price_tier","website_url","menu_url","wishlist_note","created_at","updated_at","place_id","lat","lng","maps_url") VALUES(75,'niji-sushi','Niji Sushi','Japanese',52,NULL,2,'https://www.niji.com.au/',NULL,NULL,1777089289,1777089289,NULL,NULL,NULL,NULL);
INSERT INTO "restaurants" ("id","slug","name","cuisine","location_id","address","price_tier","website_url","menu_url","wishlist_note","created_at","updated_at","place_id","lat","lng","maps_url") VALUES(76,'kujira','Kujira','Japanese',83,NULL,2,NULL,NULL,NULL,1777089289,1777089289,NULL,NULL,NULL,NULL);
INSERT INTO "restaurants" ("id","slug","name","cuisine","location_id","address","price_tier","website_url","menu_url","wishlist_note","created_at","updated_at","place_id","lat","lng","maps_url") VALUES(77,'via-napoli','Via Napoli','Italian',2,NULL,2,'https://vianapoli.com.au/',NULL,NULL,1777089289,1777089289,NULL,NULL,NULL,NULL);
INSERT INTO "restaurants" ("id","slug","name","cuisine","location_id","address","price_tier","website_url","menu_url","wishlist_note","created_at","updated_at","place_id","lat","lng","maps_url") VALUES(78,'kurtosh','Kurtosh','Hungarian',106,'Also at: Darling Square, Haymarket, Marrickville, Randwick, Surry Hills',1,'https://kurtosh.com.au/',NULL,NULL,1777089289,1777089289,NULL,NULL,NULL,NULL);
INSERT INTO "restaurants" ("id","slug","name","cuisine","location_id","address","price_tier","website_url","menu_url","wishlist_note","created_at","updated_at","place_id","lat","lng","maps_url") VALUES(79,'garcon','Garcon',NULL,NULL,NULL,NULL,NULL,NULL,NULL,1777089289,1777089289,NULL,NULL,NULL,NULL);
INSERT INTO "restaurants" ("id","slug","name","cuisine","location_id","address","price_tier","website_url","menu_url","wishlist_note","created_at","updated_at","place_id","lat","lng","maps_url") VALUES(80,'marrickville-pork-roll','Marrickville Pork Roll','Vietnamese',12,NULL,1,NULL,NULL,NULL,1777089289,1777089289,NULL,NULL,NULL,NULL);
INSERT INTO "restaurants" ("id","slug","name","cuisine","location_id","address","price_tier","website_url","menu_url","wishlist_note","created_at","updated_at","place_id","lat","lng","maps_url") VALUES(81,'nam-fong','Nam Fong','Vietnamese',212,NULL,1,NULL,NULL,NULL,1777089289,1777089289,NULL,NULL,NULL,NULL);
INSERT INTO "restaurants" ("id","slug","name","cuisine","location_id","address","price_tier","website_url","menu_url","wishlist_note","created_at","updated_at","place_id","lat","lng","maps_url") VALUES(82,'italian-street-kitchen','Italian Street Kitchen','Italian',108,NULL,2,'https://italianstreetkitchen.com/au/',NULL,NULL,1777089289,1777089289,NULL,NULL,NULL,NULL);
INSERT INTO "restaurants" ("id","slug","name","cuisine","location_id","address","price_tier","website_url","menu_url","wishlist_note","created_at","updated_at","place_id","lat","lng","maps_url") VALUES(83,'marilynas','Marilynas','Italian',109,NULL,2,'https://www.marilynasfamouspizza.com.au/',NULL,NULL,1777089289,1777089289,NULL,NULL,NULL,NULL);
INSERT INTO "restaurants" ("id","slug","name","cuisine","location_id","address","price_tier","website_url","menu_url","wishlist_note","created_at","updated_at","place_id","lat","lng","maps_url") VALUES(84,'sails-lavendar-bay','Sails @ Lavendar Bay','French',225,NULL,4,'https://www.sailslavenderbay.com/?gclid=CjwKCAiApfeQBhAUEiwA7K_UH2BvwEy755jdkJTNBvBurkFuTh0hHGjX-cGC_H4xN_ZFGme90ZvvIRoC75wQAvD_BwE',NULL,NULL,1777089289,1777089289,NULL,NULL,NULL,NULL);
INSERT INTO "restaurants" ("id","slug","name","cuisine","location_id","address","price_tier","website_url","menu_url","wishlist_note","created_at","updated_at","place_id","lat","lng","maps_url") VALUES(85,'ho-jiak','Ho Jiak','Malaysian',1,'Also at: Haymarket',2,'https://www.hojiak.com.au/',NULL,NULL,1777089289,1777089289,NULL,NULL,NULL,NULL);
INSERT INTO "restaurants" ("id","slug","name","cuisine","location_id","address","price_tier","website_url","menu_url","wishlist_note","created_at","updated_at","place_id","lat","lng","maps_url") VALUES(86,'kowloon-cafe','Kowloon Cafe','Chinese',1,NULL,1,'https://www.kowlooncafe.com.au/',NULL,NULL,1777089289,1777089289,NULL,NULL,NULL,NULL);
INSERT INTO "restaurants" ("id","slug","name","cuisine","location_id","address","price_tier","website_url","menu_url","wishlist_note","created_at","updated_at","place_id","lat","lng","maps_url") VALUES(87,'royal-treasure-seafood-restaurant','Royal Treasure Seafood Restaurant','Chinese',92,NULL,2,'https://www.royaltreasure.com.au/',NULL,NULL,1777089289,1777089289,NULL,NULL,NULL,NULL);
INSERT INTO "restaurants" ("id","slug","name","cuisine","location_id","address","price_tier","website_url","menu_url","wishlist_note","created_at","updated_at","place_id","lat","lng","maps_url") VALUES(88,'bay-vista','Bay Vista','Cafe',187,'Also at: Parramatta',2,'https://www.bayvista.com.au/',NULL,NULL,1777089289,1777089289,NULL,NULL,NULL,NULL);
INSERT INTO "restaurants" ("id","slug","name","cuisine","location_id","address","price_tier","website_url","menu_url","wishlist_note","created_at","updated_at","place_id","lat","lng","maps_url") VALUES(89,'alberto-s-lounge','Alberto’s Lounge','Italian',1,NULL,3,'https://swillhouse.com/venues/albertos-lounge/',NULL,NULL,1777089289,1777089289,NULL,NULL,NULL,NULL);
INSERT INTO "restaurants" ("id","slug","name","cuisine","location_id","address","price_tier","website_url","menu_url","wishlist_note","created_at","updated_at","place_id","lat","lng","maps_url") VALUES(90,'tokyo-den','Tokyo Den','Japanese',92,NULL,NULL,NULL,NULL,NULL,1777089289,1777089289,NULL,NULL,NULL,NULL);
INSERT INTO "restaurants" ("id","slug","name","cuisine","location_id","address","price_tier","website_url","menu_url","wishlist_note","created_at","updated_at","place_id","lat","lng","maps_url") VALUES(91,'black-bar-grill','Black Bar & Grill',NULL,NULL,NULL,NULL,NULL,NULL,NULL,1777089289,1777089289,NULL,NULL,NULL,NULL);
INSERT INTO "restaurants" ("id","slug","name","cuisine","location_id","address","price_tier","website_url","menu_url","wishlist_note","created_at","updated_at","place_id","lat","lng","maps_url") VALUES(92,'bondi-buns','Bondi Buns',NULL,NULL,NULL,NULL,NULL,NULL,NULL,1777089289,1777089289,NULL,NULL,NULL,NULL);
INSERT INTO "restaurants" ("id","slug","name","cuisine","location_id","address","price_tier","website_url","menu_url","wishlist_note","created_at","updated_at","place_id","lat","lng","maps_url") VALUES(93,'nikaido','Nikaido',NULL,NULL,NULL,NULL,NULL,NULL,NULL,1777089289,1777089289,NULL,NULL,NULL,NULL);
INSERT INTO "restaurants" ("id","slug","name","cuisine","location_id","address","price_tier","website_url","menu_url","wishlist_note","created_at","updated_at","place_id","lat","lng","maps_url") VALUES(94,'ventuno-restaurant','Ventuno Restaurant','Italian',21,NULL,NULL,NULL,NULL,NULL,1777089289,1777089289,NULL,NULL,NULL,NULL);
INSERT INTO "restaurants" ("id","slug","name","cuisine","location_id","address","price_tier","website_url","menu_url","wishlist_note","created_at","updated_at","place_id","lat","lng","maps_url") VALUES(95,'dopa','Dopa','Japanese',1,'Also at: Darling Square',2,'https://www.darlingsq.com/eat-drink-shop/dopa-by-devon/',NULL,NULL,1777089289,1777089289,NULL,NULL,NULL,NULL);
INSERT INTO "restaurants" ("id","slug","name","cuisine","location_id","address","price_tier","website_url","menu_url","wishlist_note","created_at","updated_at","place_id","lat","lng","maps_url") VALUES(96,'china-lane','China Lane','Asian Fusion',1,NULL,3,'https://chinalane.com.au/',NULL,NULL,1777089289,1777089289,NULL,NULL,NULL,NULL);
INSERT INTO "restaurants" ("id","slug","name","cuisine","location_id","address","price_tier","website_url","menu_url","wishlist_note","created_at","updated_at","place_id","lat","lng","maps_url") VALUES(97,'torotoro-ramen-bar','Torotoro Ramen Bar','Japanese',15,NULL,2,'https://www.torotoro.com.au/',NULL,NULL,1777089289,1777089289,NULL,NULL,NULL,NULL);
INSERT INTO "restaurants" ("id","slug","name","cuisine","location_id","address","price_tier","website_url","menu_url","wishlist_note","created_at","updated_at","place_id","lat","lng","maps_url") VALUES(98,'a-mare','a’Mare','Italian',NULL,NULL,NULL,NULL,NULL,NULL,1777089289,1777089289,NULL,NULL,NULL,NULL);
INSERT INTO "restaurants" ("id","slug","name","cuisine","location_id","address","price_tier","website_url","menu_url","wishlist_note","created_at","updated_at","place_id","lat","lng","maps_url") VALUES(99,'ester','Ester','Modern Australian',5,NULL,NULL,NULL,NULL,NULL,1777089289,1777089289,NULL,NULL,NULL,NULL);
INSERT INTO "restaurants" ("id","slug","name","cuisine","location_id","address","price_tier","website_url","menu_url","wishlist_note","created_at","updated_at","place_id","lat","lng","maps_url") VALUES(100,'kuon-omakase','Kuon Omakase','Japanese',226,NULL,NULL,NULL,NULL,NULL,1777089289,1777089289,NULL,NULL,NULL,NULL);
INSERT INTO "restaurants" ("id","slug","name","cuisine","location_id","address","price_tier","website_url","menu_url","wishlist_note","created_at","updated_at","place_id","lat","lng","maps_url") VALUES(101,'bistecca','Bistecca','Italian',1,NULL,4,'https://www.bistecca.com.au/',NULL,NULL,1777089289,1777089289,NULL,NULL,NULL,NULL);
INSERT INTO "restaurants" ("id","slug","name","cuisine","location_id","address","price_tier","website_url","menu_url","wishlist_note","created_at","updated_at","place_id","lat","lng","maps_url") VALUES(102,'rockpool-bar-and-grill','Rockpool Bar and Grill','Modern Australian',1,NULL,4,'https://rockpoolbarandgrill.com.au/',NULL,NULL,1777089289,1777089289,NULL,NULL,NULL,NULL);
INSERT INTO "restaurants" ("id","slug","name","cuisine","location_id","address","price_tier","website_url","menu_url","wishlist_note","created_at","updated_at","place_id","lat","lng","maps_url") VALUES(103,'mister-gees','Mister Gees','American',97,NULL,2,'https://www.mistergee.com.au/',NULL,NULL,1777089289,1777089289,NULL,NULL,NULL,NULL);
INSERT INTO "restaurants" ("id","slug","name","cuisine","location_id","address","price_tier","website_url","menu_url","wishlist_note","created_at","updated_at","place_id","lat","lng","maps_url") VALUES(104,'sushi-komaru','Sushi Komaru','Japanese',108,NULL,NULL,NULL,NULL,NULL,1777089289,1777089289,NULL,NULL,NULL,NULL);
INSERT INTO "restaurants" ("id","slug","name","cuisine","location_id","address","price_tier","website_url","menu_url","wishlist_note","created_at","updated_at","place_id","lat","lng","maps_url") VALUES(105,'spice-temple','Spice Temple',NULL,NULL,NULL,NULL,NULL,NULL,NULL,1777089289,1777089289,NULL,NULL,NULL,NULL);
INSERT INTO "restaurants" ("id","slug","name","cuisine","location_id","address","price_tier","website_url","menu_url","wishlist_note","created_at","updated_at","place_id","lat","lng","maps_url") VALUES(106,'the-gidley','The Gidley','Modern Australian',1,NULL,NULL,NULL,NULL,NULL,1777089289,1777089289,NULL,NULL,NULL,NULL);
INSERT INTO "restaurants" ("id","slug","name","cuisine","location_id","address","price_tier","website_url","menu_url","wishlist_note","created_at","updated_at","place_id","lat","lng","maps_url") VALUES(107,'gaku-robata-grill','Gaku Robata Grill',NULL,NULL,NULL,NULL,NULL,NULL,NULL,1777089289,1777089289,NULL,NULL,NULL,NULL);
INSERT INTO "restaurants" ("id","slug","name","cuisine","location_id","address","price_tier","website_url","menu_url","wishlist_note","created_at","updated_at","place_id","lat","lng","maps_url") VALUES(108,'legend-hotpot-buffet','Legend Hotpot Buffet','Chinese',92,NULL,3,'http://legendhotpot.com.au/',NULL,NULL,1777089289,1777089289,NULL,NULL,NULL,NULL);
INSERT INTO "restaurants" ("id","slug","name","cuisine","location_id","address","price_tier","website_url","menu_url","wishlist_note","created_at","updated_at","place_id","lat","lng","maps_url") VALUES(109,'marble-bbq','Marble BBQ',NULL,NULL,NULL,NULL,NULL,NULL,NULL,1777089289,1777089289,NULL,NULL,NULL,NULL);
INSERT INTO "restaurants" ("id","slug","name","cuisine","location_id","address","price_tier","website_url","menu_url","wishlist_note","created_at","updated_at","place_id","lat","lng","maps_url") VALUES(110,'kahii-kissaten','Kahii Kissaten',NULL,NULL,NULL,NULL,NULL,NULL,NULL,1777089289,1777089289,NULL,NULL,NULL,NULL);
INSERT INTO "restaurants" ("id","slug","name","cuisine","location_id","address","price_tier","website_url","menu_url","wishlist_note","created_at","updated_at","place_id","lat","lng","maps_url") VALUES(111,'cucina-porto','Cucina Porto','Italian',16,NULL,2,NULL,NULL,NULL,1777089289,1777089289,NULL,NULL,NULL,NULL);
INSERT INTO "restaurants" ("id","slug","name","cuisine","location_id","address","price_tier","website_url","menu_url","wishlist_note","created_at","updated_at","place_id","lat","lng","maps_url") VALUES(112,'sagra-restaurant','Sagra Restaurant','Italian',4,NULL,NULL,'https://www.sydneysagra.com.au/',NULL,NULL,1777089289,1777089289,NULL,NULL,NULL,NULL);
INSERT INTO "restaurants" ("id","slug","name","cuisine","location_id","address","price_tier","website_url","menu_url","wishlist_note","created_at","updated_at","place_id","lat","lng","maps_url") VALUES(113,'social-society','Social Society','Cafe',67,NULL,2,'https://socialsocietysydney.com/',NULL,NULL,1777089289,1777089289,NULL,NULL,NULL,NULL);
INSERT INTO "restaurants" ("id","slug","name","cuisine","location_id","address","price_tier","website_url","menu_url","wishlist_note","created_at","updated_at","place_id","lat","lng","maps_url") VALUES(114,'american-bbq-kitchen','American BBQ Kitchen','American',227,NULL,2,'https://www.facebook.com/AmericanBBQKitchen/',NULL,NULL,1777089289,1777089289,NULL,NULL,NULL,NULL);
INSERT INTO "restaurants" ("id","slug","name","cuisine","location_id","address","price_tier","website_url","menu_url","wishlist_note","created_at","updated_at","place_id","lat","lng","maps_url") VALUES(115,'bopp-and-tone','Bopp and Tone','Mediterranean',1,NULL,4,NULL,NULL,NULL,1777089289,1777089289,NULL,NULL,NULL,NULL);
INSERT INTO "restaurants" ("id","slug","name","cuisine","location_id","address","price_tier","website_url","menu_url","wishlist_note","created_at","updated_at","place_id","lat","lng","maps_url") VALUES(116,'mode-kitchen-bar','Mode Kitchen & Bar',NULL,NULL,NULL,NULL,NULL,NULL,NULL,1777089289,1777089289,NULL,NULL,NULL,NULL);
INSERT INTO "restaurants" ("id","slug","name","cuisine","location_id","address","price_tier","website_url","menu_url","wishlist_note","created_at","updated_at","place_id","lat","lng","maps_url") VALUES(117,'jasmine1','Jasmine1','Lebanese',212,NULL,NULL,NULL,NULL,NULL,1777089289,1777089289,NULL,NULL,NULL,NULL);
INSERT INTO "restaurants" ("id","slug","name","cuisine","location_id","address","price_tier","website_url","menu_url","wishlist_note","created_at","updated_at","place_id","lat","lng","maps_url") VALUES(118,'where-s-wolli','Where’s Wolli','Cafe',190,NULL,2,'https://ippuku.com.au/',NULL,NULL,1777089289,1777089289,NULL,NULL,NULL,NULL);
INSERT INTO "restaurants" ("id","slug","name","cuisine","location_id","address","price_tier","website_url","menu_url","wishlist_note","created_at","updated_at","place_id","lat","lng","maps_url") VALUES(119,'cubby-s-kitchen','Cubby’s Kitchen','Lebanese',1,NULL,3,NULL,NULL,NULL,1777089289,1777089289,NULL,NULL,NULL,NULL);
INSERT INTO "restaurants" ("id","slug","name","cuisine","location_id","address","price_tier","website_url","menu_url","wishlist_note","created_at","updated_at","place_id","lat","lng","maps_url") VALUES(120,'my-mothers-cousin','My Mothers Cousin','Italian',228,NULL,NULL,NULL,NULL,NULL,1777089289,1777089289,NULL,NULL,NULL,NULL);
INSERT INTO "restaurants" ("id","slug","name","cuisine","location_id","address","price_tier","website_url","menu_url","wishlist_note","created_at","updated_at","place_id","lat","lng","maps_url") VALUES(121,'super-nash-brothers','Super Nash Brothers','American',66,NULL,2,NULL,NULL,NULL,1777089289,1777089289,NULL,NULL,NULL,NULL);
INSERT INTO "restaurants" ("id","slug","name","cuisine","location_id","address","price_tier","website_url","menu_url","wishlist_note","created_at","updated_at","place_id","lat","lng","maps_url") VALUES(122,'ippuku','Ippuku','Japanese',18,NULL,2,NULL,NULL,NULL,1777089289,1777089289,NULL,NULL,NULL,NULL);
INSERT INTO "restaurants" ("id","slug","name","cuisine","location_id","address","price_tier","website_url","menu_url","wishlist_note","created_at","updated_at","place_id","lat","lng","maps_url") VALUES(123,'pellegrino-2000','Pellegrino 2000','Italian',2,NULL,4,NULL,NULL,NULL,1777089289,1777089289,NULL,NULL,NULL,NULL);
INSERT INTO "restaurants" ("id","slug","name","cuisine","location_id","address","price_tier","website_url","menu_url","wishlist_note","created_at","updated_at","place_id","lat","lng","maps_url") VALUES(124,'cicerone-cucina-romana','Cicerone Cucina Romana','Italian',2,NULL,3,'https://www.ciceronesyd.com.au/',NULL,NULL,1777089289,1777089289,NULL,NULL,NULL,NULL);
INSERT INTO "restaurants" ("id","slug","name","cuisine","location_id","address","price_tier","website_url","menu_url","wishlist_note","created_at","updated_at","place_id","lat","lng","maps_url") VALUES(125,'ebisu-yakiniku-yakitori','Ebisu Yakiniku & Yakitori','Japanese',123,NULL,NULL,NULL,NULL,NULL,1777089289,1777089289,NULL,NULL,NULL,NULL);
INSERT INTO "restaurants" ("id","slug","name","cuisine","location_id","address","price_tier","website_url","menu_url","wishlist_note","created_at","updated_at","place_id","lat","lng","maps_url") VALUES(126,'eat-at-robs','Eat at Robs','American',87,NULL,NULL,NULL,NULL,NULL,1777089289,1777089289,NULL,NULL,NULL,NULL);
INSERT INTO "restaurants" ("id","slug","name","cuisine","location_id","address","price_tier","website_url","menu_url","wishlist_note","created_at","updated_at","place_id","lat","lng","maps_url") VALUES(127,'cheung-sing-bbq-house','Cheung Sing BBQ House','Chinese',53,NULL,1,NULL,NULL,NULL,1777089289,1777089289,NULL,NULL,NULL,NULL);
INSERT INTO "restaurants" ("id","slug","name","cuisine","location_id","address","price_tier","website_url","menu_url","wishlist_note","created_at","updated_at","place_id","lat","lng","maps_url") VALUES(128,'nour','Nour','Lebanese',1,NULL,4,'https://www.noursydney.com/',NULL,NULL,1777089289,1777089289,NULL,NULL,NULL,NULL);
INSERT INTO "restaurants" ("id","slug","name","cuisine","location_id","address","price_tier","website_url","menu_url","wishlist_note","created_at","updated_at","place_id","lat","lng","maps_url") VALUES(129,'ezra','Ezra','Middle Eastern',9,NULL,3,NULL,NULL,NULL,1777089289,1777089289,NULL,NULL,NULL,NULL);
INSERT INTO "restaurants" ("id","slug","name","cuisine","location_id","address","price_tier","website_url","menu_url","wishlist_note","created_at","updated_at","place_id","lat","lng","maps_url") VALUES(130,'two-fives','Two Fives','Cafe',18,NULL,2,NULL,NULL,NULL,1777089289,1777089289,NULL,NULL,NULL,NULL);
INSERT INTO "restaurants" ("id","slug","name","cuisine","location_id","address","price_tier","website_url","menu_url","wishlist_note","created_at","updated_at","place_id","lat","lng","maps_url") VALUES(131,'jambo-jambo','Jambo Jambo','Ethiopian',NULL,NULL,NULL,'https://merivale.com/venues/msgs/',NULL,NULL,1777089289,1777089289,NULL,NULL,NULL,NULL);
INSERT INTO "restaurants" ("id","slug","name","cuisine","location_id","address","price_tier","website_url","menu_url","wishlist_note","created_at","updated_at","place_id","lat","lng","maps_url") VALUES(132,'frankie-b-s','Frankie B’s','Italian',162,NULL,NULL,NULL,NULL,NULL,1777089289,1777089289,NULL,NULL,NULL,NULL);
INSERT INTO "restaurants" ("id","slug","name","cuisine","location_id","address","price_tier","website_url","menu_url","wishlist_note","created_at","updated_at","place_id","lat","lng","maps_url") VALUES(133,'terracotta-roasters','Terracotta Roasters','Cafe',74,NULL,2,NULL,NULL,NULL,1777089289,1777089289,NULL,NULL,NULL,NULL);
INSERT INTO "restaurants" ("id","slug","name","cuisine","location_id","address","price_tier","website_url","menu_url","wishlist_note","created_at","updated_at","place_id","lat","lng","maps_url") VALUES(134,'bistro-st-jacques','Bistro St Jacques','French',6,NULL,NULL,NULL,NULL,NULL,1777089289,1777089289,NULL,NULL,NULL,NULL);
INSERT INTO "restaurants" ("id","slug","name","cuisine","location_id","address","price_tier","website_url","menu_url","wishlist_note","created_at","updated_at","place_id","lat","lng","maps_url") VALUES(135,'bloc-145','Bloc 145','Cafe, Japanese',6,NULL,2,NULL,NULL,NULL,1777089289,1777089289,NULL,NULL,NULL,NULL);
INSERT INTO "restaurants" ("id","slug","name","cuisine","location_id","address","price_tier","website_url","menu_url","wishlist_note","created_at","updated_at","place_id","lat","lng","maps_url") VALUES(136,'takesushi','TakeSushi','Japanese',66,NULL,NULL,NULL,NULL,NULL,1777089289,1777089289,NULL,NULL,NULL,NULL);
INSERT INTO "restaurants" ("id","slug","name","cuisine","location_id","address","price_tier","website_url","menu_url","wishlist_note","created_at","updated_at","place_id","lat","lng","maps_url") VALUES(137,'holy-duck','Holy Duck','Chinese',5,NULL,NULL,NULL,NULL,NULL,1777089289,1777089289,NULL,NULL,NULL,NULL);
INSERT INTO "restaurants" ("id","slug","name","cuisine","location_id","address","price_tier","website_url","menu_url","wishlist_note","created_at","updated_at","place_id","lat","lng","maps_url") VALUES(138,'kazan','Kazan',NULL,1,NULL,NULL,NULL,NULL,NULL,1777089289,1777089289,NULL,NULL,NULL,NULL);
INSERT INTO "restaurants" ("id","slug","name","cuisine","location_id","address","price_tier","website_url","menu_url","wishlist_note","created_at","updated_at","place_id","lat","lng","maps_url") VALUES(139,'izgara','Izgara','Turkish',9,NULL,NULL,NULL,NULL,NULL,1777089289,1777089289,NULL,NULL,NULL,NULL);
INSERT INTO "restaurants" ("id","slug","name","cuisine","location_id","address","price_tier","website_url","menu_url","wishlist_note","created_at","updated_at","place_id","lat","lng","maps_url") VALUES(140,'ms-gs','Ms Gs','Asian Fusion',9,NULL,3,'https://merivale.com/venues/msgs/',NULL,NULL,1777089289,1777089289,NULL,NULL,NULL,NULL);
INSERT INTO "restaurants" ("id","slug","name","cuisine","location_id","address","price_tier","website_url","menu_url","wishlist_note","created_at","updated_at","place_id","lat","lng","maps_url") VALUES(141,'firedoor','Firedoor','Modern Australian',2,NULL,5,NULL,NULL,NULL,1777089289,1777089289,NULL,NULL,NULL,NULL);
INSERT INTO "restaurants" ("id","slug","name","cuisine","location_id","address","price_tier","website_url","menu_url","wishlist_note","created_at","updated_at","place_id","lat","lng","maps_url") VALUES(142,'s-more','S’More',NULL,NULL,NULL,NULL,NULL,NULL,NULL,1777089289,1777089289,NULL,NULL,NULL,NULL);
INSERT INTO "restaurants" ("id","slug","name","cuisine","location_id","address","price_tier","website_url","menu_url","wishlist_note","created_at","updated_at","place_id","lat","lng","maps_url") VALUES(143,'besuto','Besuto','Japanese',223,NULL,5,NULL,NULL,NULL,1777089289,1777089289,NULL,NULL,NULL,NULL);
INSERT INTO "restaurants" ("id","slug","name","cuisine","location_id","address","price_tier","website_url","menu_url","wishlist_note","created_at","updated_at","place_id","lat","lng","maps_url") VALUES(144,'a-tavola','A Tavola','Italian',4,NULL,4,'https://atavola.com.au/darlinghurst/',NULL,NULL,1777089289,1777089289,NULL,NULL,NULL,NULL);
INSERT INTO "restaurants" ("id","slug","name","cuisine","location_id","address","price_tier","website_url","menu_url","wishlist_note","created_at","updated_at","place_id","lat","lng","maps_url") VALUES(146,'fred-s','Fred’s','Modern Australian',7,NULL,5,'https://merivale.com/venues/freds/menu/',NULL,NULL,1777089289,1777089289,NULL,NULL,NULL,NULL);
INSERT INTO "restaurants" ("id","slug","name","cuisine","location_id","address","price_tier","website_url","menu_url","wishlist_note","created_at","updated_at","place_id","lat","lng","maps_url") VALUES(147,'baccomatto-osteria','Baccomatto Osteria','Italian',50,NULL,3,'http://www.baccomattoosteria.com.au/',NULL,NULL,1777089289,1777089289,NULL,NULL,NULL,NULL);
INSERT INTO "restaurants" ("id","slug","name","cuisine","location_id","address","price_tier","website_url","menu_url","wishlist_note","created_at","updated_at","place_id","lat","lng","maps_url") VALUES(148,'charlie-franks','Charlie & Franks','Cafe',107,NULL,2,'https://www.charlieandfranks.com.au/',NULL,NULL,1777089289,1777089289,NULL,NULL,NULL,NULL);
INSERT INTO "restaurants" ("id","slug","name","cuisine","location_id","address","price_tier","website_url","menu_url","wishlist_note","created_at","updated_at","place_id","lat","lng","maps_url") VALUES(149,'epicurean','Epicurean','Buffet',NULL,NULL,NULL,NULL,NULL,NULL,1777089289,1777089289,NULL,NULL,NULL,NULL);
INSERT INTO "restaurants" ("id","slug","name","cuisine","location_id","address","price_tier","website_url","menu_url","wishlist_note","created_at","updated_at","place_id","lat","lng","maps_url") VALUES(150,'time-for-thai','Time for Thai','Thai',52,'Also at: Newtown',2,NULL,NULL,NULL,1777089289,1777089289,NULL,NULL,NULL,NULL);
INSERT INTO "restaurants" ("id","slug","name","cuisine","location_id","address","price_tier","website_url","menu_url","wishlist_note","created_at","updated_at","place_id","lat","lng","maps_url") VALUES(151,'icebergs','Icebergs',NULL,8,NULL,NULL,NULL,NULL,NULL,1777089289,1777089289,NULL,NULL,NULL,NULL);
INSERT INTO "restaurants" ("id","slug","name","cuisine","location_id","address","price_tier","website_url","menu_url","wishlist_note","created_at","updated_at","place_id","lat","lng","maps_url") VALUES(152,'eastside-bar-grill','Eastside Bar & Grill',NULL,NULL,NULL,NULL,NULL,NULL,NULL,1777089289,1777089289,NULL,NULL,NULL,NULL);
INSERT INTO "restaurants" ("id","slug","name","cuisine","location_id","address","price_tier","website_url","menu_url","wishlist_note","created_at","updated_at","place_id","lat","lng","maps_url") VALUES(153,'grounds-of-alexandria','Grounds of Alexandria','Cafe',17,'Also at: CBD',2,NULL,NULL,NULL,1777089289,1777089289,NULL,NULL,NULL,NULL);
INSERT INTO "restaurants" ("id","slug","name","cuisine","location_id","address","price_tier","website_url","menu_url","wishlist_note","created_at","updated_at","place_id","lat","lng","maps_url") VALUES(154,'bistro-916','Bistro 916','French',27,NULL,4,NULL,NULL,NULL,1777089289,1777089289,NULL,NULL,NULL,NULL);
INSERT INTO "restaurants" ("id","slug","name","cuisine","location_id","address","price_tier","website_url","menu_url","wishlist_note","created_at","updated_at","place_id","lat","lng","maps_url") VALUES(155,'buffalo-dining-club','Buffalo Dining Club',NULL,NULL,NULL,NULL,NULL,NULL,NULL,1777089289,1777089289,NULL,NULL,NULL,NULL);
INSERT INTO "restaurants" ("id","slug","name","cuisine","location_id","address","price_tier","website_url","menu_url","wishlist_note","created_at","updated_at","place_id","lat","lng","maps_url") VALUES(156,'acqua-e-farina','Acqua E Farina','Italian',9,NULL,2,NULL,NULL,NULL,1777089289,1777089289,NULL,NULL,NULL,NULL);
INSERT INTO "restaurants" ("id","slug","name","cuisine","location_id","address","price_tier","website_url","menu_url","wishlist_note","created_at","updated_at","place_id","lat","lng","maps_url") VALUES(157,'kobo-sydney','Kobo Sydney',NULL,NULL,NULL,NULL,NULL,NULL,NULL,1777089289,1777089289,NULL,NULL,NULL,NULL);
INSERT INTO "restaurants" ("id","slug","name","cuisine","location_id","address","price_tier","website_url","menu_url","wishlist_note","created_at","updated_at","place_id","lat","lng","maps_url") VALUES(158,'genovese-coffee-house','Genovese Coffee House',NULL,NULL,NULL,NULL,NULL,NULL,NULL,1777089289,1777089289,NULL,NULL,NULL,NULL);
INSERT INTO "restaurants" ("id","slug","name","cuisine","location_id","address","price_tier","website_url","menu_url","wishlist_note","created_at","updated_at","place_id","lat","lng","maps_url") VALUES(159,'valentinas','Valentinas','Cafe',12,NULL,2,'https://www.valentinassyd.com/',NULL,NULL,1777089289,1777089289,NULL,NULL,NULL,NULL);
INSERT INTO "restaurants" ("id","slug","name","cuisine","location_id","address","price_tier","website_url","menu_url","wishlist_note","created_at","updated_at","place_id","lat","lng","maps_url") VALUES(160,'masuya','Masuya',NULL,NULL,NULL,NULL,NULL,NULL,NULL,1777089289,1777089289,NULL,NULL,NULL,NULL);
INSERT INTO "restaurants" ("id","slug","name","cuisine","location_id","address","price_tier","website_url","menu_url","wishlist_note","created_at","updated_at","place_id","lat","lng","maps_url") VALUES(161,'moku','Moku','Japanese',4,NULL,NULL,'https://www.mokusydney.com/',NULL,NULL,1777089289,1777207459,NULL,NULL,NULL,NULL);
INSERT INTO "restaurants" ("id","slug","name","cuisine","location_id","address","price_tier","website_url","menu_url","wishlist_note","created_at","updated_at","place_id","lat","lng","maps_url") VALUES(162,'sofia-on-cleveland','Sofia on Cleveland',NULL,NULL,NULL,NULL,NULL,NULL,NULL,1777089289,1777089289,NULL,NULL,NULL,NULL);
INSERT INTO "restaurants" ("id","slug","name","cuisine","location_id","address","price_tier","website_url","menu_url","wishlist_note","created_at","updated_at","place_id","lat","lng","maps_url") VALUES(163,'mimi-s','Mimi’s','Mediterranean',49,NULL,5,'https://merivale.com/venues/mimis/',NULL,NULL,1777089289,1777089289,NULL,NULL,NULL,NULL);
INSERT INTO "restaurants" ("id","slug","name","cuisine","location_id","address","price_tier","website_url","menu_url","wishlist_note","created_at","updated_at","place_id","lat","lng","maps_url") VALUES(164,'turka-cafe','Turka Cafe','Turkish',107,NULL,2,NULL,NULL,NULL,1777089289,1777089289,NULL,NULL,NULL,NULL);
INSERT INTO "restaurants" ("id","slug","name","cuisine","location_id","address","price_tier","website_url","menu_url","wishlist_note","created_at","updated_at","place_id","lat","lng","maps_url") VALUES(165,'kepos-street-kitchen','Kepos Street Kitchen','Cafe',6,NULL,2,NULL,NULL,NULL,1777089289,1777089289,NULL,NULL,NULL,NULL);
INSERT INTO "restaurants" ("id","slug","name","cuisine","location_id","address","price_tier","website_url","menu_url","wishlist_note","created_at","updated_at","place_id","lat","lng","maps_url") VALUES(166,'chubby-cheeks','Chubby Cheeks','Asian Fusion, Thai',7,NULL,3,'https://chubbycheekspaddo.com.au/',NULL,NULL,1777089289,1777089289,NULL,NULL,NULL,NULL);
INSERT INTO "restaurants" ("id","slug","name","cuisine","location_id","address","price_tier","website_url","menu_url","wishlist_note","created_at","updated_at","place_id","lat","lng","maps_url") VALUES(167,'luho','Luho','Asian Fusion',106,NULL,3,'https://www.luho.com.au/',NULL,NULL,1777089289,1777089289,NULL,NULL,NULL,NULL);
INSERT INTO "restaurants" ("id","slug","name","cuisine","location_id","address","price_tier","website_url","menu_url","wishlist_note","created_at","updated_at","place_id","lat","lng","maps_url") VALUES(168,'don-giovanni-pizza-bar','Don Giovanni Pizza Bar','Italian',2,NULL,3,NULL,NULL,NULL,1777089289,1777089289,NULL,NULL,NULL,NULL);
INSERT INTO "restaurants" ("id","slug","name","cuisine","location_id","address","price_tier","website_url","menu_url","wishlist_note","created_at","updated_at","place_id","lat","lng","maps_url") VALUES(169,'pizza-bros','Pizza Bros',NULL,NULL,NULL,NULL,NULL,NULL,NULL,1777089289,1777089289,NULL,NULL,NULL,NULL);
INSERT INTO "restaurants" ("id","slug","name","cuisine","location_id","address","price_tier","website_url","menu_url","wishlist_note","created_at","updated_at","place_id","lat","lng","maps_url") VALUES(170,'celsius-coffee-dining','Celsius Coffee & Dining','Cafe',100,NULL,NULL,NULL,NULL,NULL,1777089289,1777089289,NULL,NULL,NULL,NULL);
INSERT INTO "restaurants" ("id","slug","name","cuisine","location_id","address","price_tier","website_url","menu_url","wishlist_note","created_at","updated_at","place_id","lat","lng","maps_url") VALUES(171,'happyfield','Happyfield','Cafe',84,NULL,2,NULL,NULL,NULL,1777089289,1777089289,NULL,NULL,NULL,NULL);
INSERT INTO "restaurants" ("id","slug","name","cuisine","location_id","address","price_tier","website_url","menu_url","wishlist_note","created_at","updated_at","place_id","lat","lng","maps_url") VALUES(172,'alex-n-rolls','Alex n Rolls',NULL,NULL,NULL,NULL,NULL,NULL,NULL,1777089289,1777089289,NULL,NULL,NULL,NULL);
INSERT INTO "restaurants" ("id","slug","name","cuisine","location_id","address","price_tier","website_url","menu_url","wishlist_note","created_at","updated_at","place_id","lat","lng","maps_url") VALUES(173,'aqua-e-farina','Aqua E Farina','Italian',9,NULL,3,NULL,NULL,NULL,1777089289,1777089289,NULL,NULL,NULL,NULL);
INSERT INTO "restaurants" ("id","slug","name","cuisine","location_id","address","price_tier","website_url","menu_url","wishlist_note","created_at","updated_at","place_id","lat","lng","maps_url") VALUES(174,'ciao-fabbrica','Ciao Fabbrica',NULL,1,NULL,NULL,NULL,NULL,NULL,1777089289,1777089289,NULL,NULL,NULL,NULL);
INSERT INTO "restaurants" ("id","slug","name","cuisine","location_id","address","price_tier","website_url","menu_url","wishlist_note","created_at","updated_at","place_id","lat","lng","maps_url") VALUES(175,'la-favola','La Favola','Italian',3,NULL,3,NULL,NULL,NULL,1777089289,1777089289,NULL,NULL,NULL,NULL);
INSERT INTO "restaurants" ("id","slug","name","cuisine","location_id","address","price_tier","website_url","menu_url","wishlist_note","created_at","updated_at","place_id","lat","lng","maps_url") VALUES(176,'parlar-potts-point','Parlar Potts Point',NULL,9,NULL,NULL,NULL,NULL,NULL,1777089289,1777089289,NULL,NULL,NULL,NULL);
INSERT INTO "restaurants" ("id","slug","name","cuisine","location_id","address","price_tier","website_url","menu_url","wishlist_note","created_at","updated_at","place_id","lat","lng","maps_url") VALUES(177,'nikkei-bar-restaurant','Nikkei Bar & Restaurant','Japanese, Peruvian',2,NULL,3,NULL,NULL,NULL,1777089289,1777089289,NULL,NULL,NULL,NULL);
INSERT INTO "restaurants" ("id","slug","name","cuisine","location_id","address","price_tier","website_url","menu_url","wishlist_note","created_at","updated_at","place_id","lat","lng","maps_url") VALUES(178,'the-woodcut-restaurant','The Woodcut Restaurant',NULL,NULL,NULL,NULL,NULL,NULL,NULL,1777089289,1777089289,NULL,NULL,NULL,NULL);
INSERT INTO "restaurants" ("id","slug","name","cuisine","location_id","address","price_tier","website_url","menu_url","wishlist_note","created_at","updated_at","place_id","lat","lng","maps_url") VALUES(179,'the-brothers-cafe','The Brothers Cafe','Cafe',23,NULL,NULL,NULL,NULL,NULL,1777089289,1777089289,NULL,NULL,NULL,NULL);
INSERT INTO "restaurants" ("id","slug","name","cuisine","location_id","address","price_tier","website_url","menu_url","wishlist_note","created_at","updated_at","place_id","lat","lng","maps_url") VALUES(180,'cooh-bourke-road','COOH Bourke Road','Cafe',17,NULL,2,NULL,NULL,NULL,1777089289,1777089289,NULL,NULL,NULL,NULL);
INSERT INTO "restaurants" ("id","slug","name","cuisine","location_id","address","price_tier","website_url","menu_url","wishlist_note","created_at","updated_at","place_id","lat","lng","maps_url") VALUES(181,'louie','Louie',NULL,49,NULL,NULL,NULL,NULL,NULL,1777089289,1777089289,NULL,NULL,NULL,NULL);
INSERT INTO "restaurants" ("id","slug","name","cuisine","location_id","address","price_tier","website_url","menu_url","wishlist_note","created_at","updated_at","place_id","lat","lng","maps_url") VALUES(182,'zini-contemporary-gelato','Zini Contemporary Gelato','Italian',223,NULL,NULL,NULL,NULL,NULL,1777089289,1777089289,NULL,NULL,NULL,NULL);
INSERT INTO "restaurants" ("id","slug","name","cuisine","location_id","address","price_tier","website_url","menu_url","wishlist_note","created_at","updated_at","place_id","lat","lng","maps_url") VALUES(183,'ichomie','Ichomie',NULL,NULL,NULL,NULL,NULL,NULL,NULL,1777089289,1777089289,NULL,NULL,NULL,NULL);
INSERT INTO "restaurants" ("id","slug","name","cuisine","location_id","address","price_tier","website_url","menu_url","wishlist_note","created_at","updated_at","place_id","lat","lng","maps_url") VALUES(184,'d-s-bar-and-dining','D’s Bar and Dining',NULL,NULL,NULL,NULL,NULL,NULL,NULL,1777089289,1777089289,NULL,NULL,NULL,NULL);
INSERT INTO "restaurants" ("id","slug","name","cuisine","location_id","address","price_tier","website_url","menu_url","wishlist_note","created_at","updated_at","place_id","lat","lng","maps_url") VALUES(185,'the-char-rotisserie','The Char Rotisserie','Western',88,'Also at: Bondi, Bronte',2,NULL,NULL,NULL,1777089289,1777089289,NULL,NULL,NULL,NULL);
INSERT INTO "restaurants" ("id","slug","name","cuisine","location_id","address","price_tier","website_url","menu_url","wishlist_note","created_at","updated_at","place_id","lat","lng","maps_url") VALUES(186,'restaurant-ka','Restaurant Ka',NULL,NULL,NULL,NULL,NULL,NULL,NULL,1777089289,1777089289,NULL,NULL,NULL,NULL);
INSERT INTO "restaurants" ("id","slug","name","cuisine","location_id","address","price_tier","website_url","menu_url","wishlist_note","created_at","updated_at","place_id","lat","lng","maps_url") VALUES(187,'fusion-point','Fusion Point',NULL,139,NULL,NULL,NULL,NULL,NULL,1777089289,1777089289,NULL,NULL,NULL,NULL);
INSERT INTO "restaurants" ("id","slug","name","cuisine","location_id","address","price_tier","website_url","menu_url","wishlist_note","created_at","updated_at","place_id","lat","lng","maps_url") VALUES(188,'ardi-s-block-to-grill','Ardi’s Block to Grill',NULL,2,NULL,NULL,NULL,NULL,NULL,1777089289,1777089289,NULL,NULL,NULL,NULL);
INSERT INTO "restaurants" ("id","slug","name","cuisine","location_id","address","price_tier","website_url","menu_url","wishlist_note","created_at","updated_at","place_id","lat","lng","maps_url") VALUES(189,'chao-praya','Chao Praya','Thai',50,NULL,2,NULL,NULL,NULL,1777089289,1777089289,NULL,NULL,NULL,NULL);
INSERT INTO "restaurants" ("id","slug","name","cuisine","location_id","address","price_tier","website_url","menu_url","wishlist_note","created_at","updated_at","place_id","lat","lng","maps_url") VALUES(190,'chin-chin','Chin Chin','Asian Fusion',1,NULL,3,NULL,NULL,NULL,1777089289,1777089289,NULL,NULL,NULL,NULL);
INSERT INTO "restaurants" ("id","slug","name","cuisine","location_id","address","price_tier","website_url","menu_url","wishlist_note","created_at","updated_at","place_id","lat","lng","maps_url") VALUES(191,'kuro-s-kitchen','Kuro’s Kitchen',NULL,NULL,NULL,NULL,NULL,NULL,NULL,1777089289,1777089289,NULL,NULL,NULL,NULL);
INSERT INTO "restaurants" ("id","slug","name","cuisine","location_id","address","price_tier","website_url","menu_url","wishlist_note","created_at","updated_at","place_id","lat","lng","maps_url") VALUES(192,'bastardo','Bastardo','Italian',2,NULL,3,NULL,NULL,NULL,1777089289,1777089289,NULL,NULL,NULL,NULL);
INSERT INTO "restaurants" ("id","slug","name","cuisine","location_id","address","price_tier","website_url","menu_url","wishlist_note","created_at","updated_at","place_id","lat","lng","maps_url") VALUES(193,'warike-restaurant','Warike Restaurant','Peruvian',2,NULL,4,'https://warikerestaurant.com/',NULL,NULL,1777089289,1777089289,NULL,NULL,NULL,NULL);
INSERT INTO "restaurants" ("id","slug","name","cuisine","location_id","address","price_tier","website_url","menu_url","wishlist_note","created_at","updated_at","place_id","lat","lng","maps_url") VALUES(194,'mejico','Mejico',NULL,1,NULL,NULL,NULL,NULL,NULL,1777089289,1777089289,NULL,NULL,NULL,NULL);
INSERT INTO "restaurants" ("id","slug","name","cuisine","location_id","address","price_tier","website_url","menu_url","wishlist_note","created_at","updated_at","place_id","lat","lng","maps_url") VALUES(195,'indu','Indu',NULL,NULL,NULL,NULL,NULL,NULL,NULL,1777089289,1777089289,NULL,NULL,NULL,NULL);
INSERT INTO "restaurants" ("id","slug","name","cuisine","location_id","address","price_tier","website_url","menu_url","wishlist_note","created_at","updated_at","place_id","lat","lng","maps_url") VALUES(196,'kid-kyoto','Kid Kyoto',NULL,NULL,NULL,NULL,NULL,NULL,NULL,1777089289,1777089289,NULL,NULL,NULL,NULL);
INSERT INTO "restaurants" ("id","slug","name","cuisine","location_id","address","price_tier","website_url","menu_url","wishlist_note","created_at","updated_at","place_id","lat","lng","maps_url") VALUES(197,'aria','Aria',NULL,223,NULL,NULL,NULL,NULL,NULL,1777089289,1777089289,NULL,NULL,NULL,NULL);
INSERT INTO "restaurants" ("id","slug","name","cuisine","location_id","address","price_tier","website_url","menu_url","wishlist_note","created_at","updated_at","place_id","lat","lng","maps_url") VALUES(198,'six-penny','Six Penny',NULL,NULL,NULL,NULL,NULL,NULL,NULL,1777089289,1777089289,NULL,NULL,NULL,NULL);
INSERT INTO "restaurants" ("id","slug","name","cuisine","location_id","address","price_tier","website_url","menu_url","wishlist_note","created_at","updated_at","place_id","lat","lng","maps_url") VALUES(199,'ursula','Ursula',NULL,NULL,NULL,NULL,NULL,NULL,NULL,1777089289,1777089289,NULL,NULL,NULL,NULL);
INSERT INTO "restaurants" ("id","slug","name","cuisine","location_id","address","price_tier","website_url","menu_url","wishlist_note","created_at","updated_at","place_id","lat","lng","maps_url") VALUES(200,'bistro-nido','Bistro Nido','French',1,NULL,3,NULL,NULL,NULL,1777089289,1777089289,NULL,NULL,NULL,NULL);
INSERT INTO "restaurants" ("id","slug","name","cuisine","location_id","address","price_tier","website_url","menu_url","wishlist_note","created_at","updated_at","place_id","lat","lng","maps_url") VALUES(201,'cucinetta-sydney','Cucinetta Sydney','Italian',229,NULL,NULL,NULL,NULL,NULL,1777089289,1777089289,NULL,NULL,NULL,NULL);
INSERT INTO "restaurants" ("id","slug","name","cuisine","location_id","address","price_tier","website_url","menu_url","wishlist_note","created_at","updated_at","place_id","lat","lng","maps_url") VALUES(202,'kindred','Kindred','Italian',74,NULL,3,NULL,NULL,NULL,1777089289,1777089289,NULL,NULL,NULL,NULL);
INSERT INTO "restaurants" ("id","slug","name","cuisine","location_id","address","price_tier","website_url","menu_url","wishlist_note","created_at","updated_at","place_id","lat","lng","maps_url") VALUES(203,'roast-republic','Roast Republic',NULL,NULL,NULL,NULL,NULL,NULL,NULL,1777089289,1777089289,NULL,NULL,NULL,NULL);
INSERT INTO "restaurants" ("id","slug","name","cuisine","location_id","address","price_tier","website_url","menu_url","wishlist_note","created_at","updated_at","place_id","lat","lng","maps_url") VALUES(204,'palazzo-salato','Palazzo Salato','Italian',1,NULL,3,NULL,NULL,NULL,1777089289,1777089289,NULL,NULL,NULL,NULL);
INSERT INTO "restaurants" ("id","slug","name","cuisine","location_id","address","price_tier","website_url","menu_url","wishlist_note","created_at","updated_at","place_id","lat","lng","maps_url") VALUES(205,'armorica-grand-brasserie','Armorica Grand Brasserie','French',2,NULL,NULL,NULL,NULL,NULL,1777089289,1777089289,NULL,NULL,NULL,NULL);
INSERT INTO "restaurants" ("id","slug","name","cuisine","location_id","address","price_tier","website_url","menu_url","wishlist_note","created_at","updated_at","place_id","lat","lng","maps_url") VALUES(206,'kiln','Kiln',NULL,NULL,NULL,NULL,NULL,NULL,NULL,1777089289,1777089289,NULL,NULL,NULL,NULL);
INSERT INTO "restaurants" ("id","slug","name","cuisine","location_id","address","price_tier","website_url","menu_url","wishlist_note","created_at","updated_at","place_id","lat","lng","maps_url") VALUES(207,'spuntini','Spuntini','Italian',93,NULL,3,NULL,NULL,NULL,1777089289,1777089289,NULL,NULL,NULL,NULL);
INSERT INTO "restaurants" ("id","slug","name","cuisine","location_id","address","price_tier","website_url","menu_url","wishlist_note","created_at","updated_at","place_id","lat","lng","maps_url") VALUES(208,'promenade','Promenade','Modern Australian',41,NULL,3,NULL,NULL,NULL,1777089289,1777089289,NULL,NULL,NULL,NULL);
INSERT INTO "restaurants" ("id","slug","name","cuisine","location_id","address","price_tier","website_url","menu_url","wishlist_note","created_at","updated_at","place_id","lat","lng","maps_url") VALUES(209,'queen-chow','Queen Chow','Chinese',13,NULL,NULL,NULL,NULL,NULL,1777089289,1777089289,NULL,NULL,NULL,NULL);
INSERT INTO "restaurants" ("id","slug","name","cuisine","location_id","address","price_tier","website_url","menu_url","wishlist_note","created_at","updated_at","place_id","lat","lng","maps_url") VALUES(210,'bar-vincent','Bar Vincent',NULL,NULL,NULL,NULL,NULL,NULL,NULL,1777089289,1777089289,NULL,NULL,NULL,NULL);
INSERT INTO "restaurants" ("id","slug","name","cuisine","location_id","address","price_tier","website_url","menu_url","wishlist_note","created_at","updated_at","place_id","lat","lng","maps_url") VALUES(211,'mumu','Mumu',NULL,1,NULL,NULL,NULL,NULL,NULL,1777089289,1777089289,NULL,NULL,NULL,NULL);
INSERT INTO "restaurants" ("id","slug","name","cuisine","location_id","address","price_tier","website_url","menu_url","wishlist_note","created_at","updated_at","place_id","lat","lng","maps_url") VALUES(212,'lima-nikkei-restaurant','Lima Nikkei Restaurant','Chinese, Peruvian',22,NULL,4,'https://folklorrestaurant.com.au/',NULL,NULL,1777089289,1777089289,NULL,NULL,NULL,NULL);
INSERT INTO "restaurants" ("id","slug","name","cuisine","location_id","address","price_tier","website_url","menu_url","wishlist_note","created_at","updated_at","place_id","lat","lng","maps_url") VALUES(213,'the-butler','The Butler',NULL,NULL,NULL,NULL,NULL,NULL,NULL,1777089289,1777089289,NULL,NULL,NULL,NULL);
INSERT INTO "restaurants" ("id","slug","name","cuisine","location_id","address","price_tier","website_url","menu_url","wishlist_note","created_at","updated_at","place_id","lat","lng","maps_url") VALUES(214,'matteo-downtown','Matteo Downtown','Italian',NULL,NULL,NULL,NULL,NULL,NULL,1777089289,1777089289,NULL,NULL,NULL,NULL);
INSERT INTO "restaurants" ("id","slug","name","cuisine","location_id","address","price_tier","website_url","menu_url","wishlist_note","created_at","updated_at","place_id","lat","lng","maps_url") VALUES(215,'rk-san','RK SAN','Japanese',2,NULL,NULL,NULL,NULL,NULL,1777089289,1777089289,NULL,NULL,NULL,NULL);
INSERT INTO "restaurants" ("id","slug","name","cuisine","location_id","address","price_tier","website_url","menu_url","wishlist_note","created_at","updated_at","place_id","lat","lng","maps_url") VALUES(216,'macchiato','Macchiato','Italian',1,NULL,3,NULL,NULL,NULL,1777089289,1777089289,NULL,NULL,NULL,NULL);
INSERT INTO "restaurants" ("id","slug","name","cuisine","location_id","address","price_tier","website_url","menu_url","wishlist_note","created_at","updated_at","place_id","lat","lng","maps_url") VALUES(217,'silks-yum-cha-ayce','Silks Yum Cha AYCE',NULL,NULL,NULL,NULL,NULL,NULL,NULL,1777089289,1777089289,NULL,NULL,NULL,NULL);
INSERT INTO "restaurants" ("id","slug","name","cuisine","location_id","address","price_tier","website_url","menu_url","wishlist_note","created_at","updated_at","place_id","lat","lng","maps_url") VALUES(218,'longshore','Longshore','Modern Australian',5,NULL,NULL,NULL,NULL,NULL,1777089289,1777089289,NULL,NULL,NULL,NULL);
INSERT INTO "restaurants" ("id","slug","name","cuisine","location_id","address","price_tier","website_url","menu_url","wishlist_note","created_at","updated_at","place_id","lat","lng","maps_url") VALUES(219,'petermen','Petermen',NULL,NULL,NULL,NULL,NULL,NULL,NULL,1777089289,1777089289,NULL,NULL,NULL,NULL);
INSERT INTO "restaurants" ("id","slug","name","cuisine","location_id","address","price_tier","website_url","menu_url","wishlist_note","created_at","updated_at","place_id","lat","lng","maps_url") VALUES(220,'estabans','Estabans',NULL,NULL,NULL,NULL,NULL,NULL,NULL,1777089289,1777089289,NULL,NULL,NULL,NULL);
INSERT INTO "restaurants" ("id","slug","name","cuisine","location_id","address","price_tier","website_url","menu_url","wishlist_note","created_at","updated_at","place_id","lat","lng","maps_url") VALUES(221,'le-foot','Le foot','French',19,NULL,NULL,NULL,NULL,NULL,1777089289,1777089289,NULL,NULL,NULL,NULL);
INSERT INTO "restaurants" ("id","slug","name","cuisine","location_id","address","price_tier","website_url","menu_url","wishlist_note","created_at","updated_at","place_id","lat","lng","maps_url") VALUES(222,'sir-braxton','Sir Braxton',NULL,186,NULL,NULL,NULL,NULL,NULL,1777089289,1777089289,NULL,NULL,NULL,NULL);
INSERT INTO "restaurants" ("id","slug","name","cuisine","location_id","address","price_tier","website_url","menu_url","wishlist_note","created_at","updated_at","place_id","lat","lng","maps_url") VALUES(223,'taco-street','Taco Street',NULL,94,NULL,NULL,NULL,NULL,NULL,1777089289,1777089289,NULL,NULL,NULL,NULL);
INSERT INTO "restaurants" ("id","slug","name","cuisine","location_id","address","price_tier","website_url","menu_url","wishlist_note","created_at","updated_at","place_id","lat","lng","maps_url") VALUES(224,'metisse','Metisse','French',9,NULL,5,NULL,NULL,NULL,1777089289,1777089289,NULL,NULL,NULL,NULL);
INSERT INTO "restaurants" ("id","slug","name","cuisine","location_id","address","price_tier","website_url","menu_url","wishlist_note","created_at","updated_at","place_id","lat","lng","maps_url") VALUES(225,'the-sanderson','The Sanderson',NULL,NULL,NULL,NULL,NULL,NULL,NULL,1777089289,1777089289,NULL,NULL,NULL,NULL);
INSERT INTO "restaurants" ("id","slug","name","cuisine","location_id","address","price_tier","website_url","menu_url","wishlist_note","created_at","updated_at","place_id","lat","lng","maps_url") VALUES(226,'surlys-american-tavern','Surlys American Tavern','American',2,NULL,2,NULL,NULL,NULL,1777089289,1777089289,NULL,NULL,NULL,NULL);
INSERT INTO "restaurants" ("id","slug","name","cuisine","location_id","address","price_tier","website_url","menu_url","wishlist_note","created_at","updated_at","place_id","lat","lng","maps_url") VALUES(227,'clam-bar','Clam Bar',NULL,NULL,NULL,NULL,NULL,NULL,NULL,1777089289,1777089289,NULL,NULL,NULL,NULL);
INSERT INTO "restaurants" ("id","slug","name","cuisine","location_id","address","price_tier","website_url","menu_url","wishlist_note","created_at","updated_at","place_id","lat","lng","maps_url") VALUES(228,'sokyo','Sokyo',NULL,NULL,NULL,NULL,NULL,NULL,NULL,1777089289,1777089289,NULL,NULL,NULL,NULL);
INSERT INTO "restaurants" ("id","slug","name","cuisine","location_id","address","price_tier","website_url","menu_url","wishlist_note","created_at","updated_at","place_id","lat","lng","maps_url") VALUES(229,'cafe-paci','Cafe Paci','Modern Australian',3,NULL,3,NULL,NULL,NULL,1777089289,1777089289,NULL,NULL,NULL,NULL);
INSERT INTO "restaurants" ("id","slug","name","cuisine","location_id","address","price_tier","website_url","menu_url","wishlist_note","created_at","updated_at","place_id","lat","lng","maps_url") VALUES(231,'funda','Funda',NULL,NULL,NULL,NULL,NULL,NULL,NULL,1777089289,1777089289,NULL,NULL,NULL,NULL);
INSERT INTO "restaurants" ("id","slug","name","cuisine","location_id","address","price_tier","website_url","menu_url","wishlist_note","created_at","updated_at","place_id","lat","lng","maps_url") VALUES(232,'king-clarence','King Clarence',NULL,1,NULL,NULL,NULL,NULL,NULL,1777089289,1777089289,NULL,NULL,NULL,NULL);
INSERT INTO "restaurants" ("id","slug","name","cuisine","location_id","address","price_tier","website_url","menu_url","wishlist_note","created_at","updated_at","place_id","lat","lng","maps_url") VALUES(233,'bella-brutta','Bella Brutta',NULL,NULL,NULL,NULL,NULL,NULL,NULL,1777089289,1777089289,NULL,NULL,NULL,NULL);
INSERT INTO "restaurants" ("id","slug","name","cuisine","location_id","address","price_tier","website_url","menu_url","wishlist_note","created_at","updated_at","place_id","lat","lng","maps_url") VALUES(234,'bar-copains','Bar Copains',NULL,NULL,NULL,NULL,NULL,NULL,NULL,1777089289,1777089289,NULL,NULL,NULL,NULL);
INSERT INTO "restaurants" ("id","slug","name","cuisine","location_id","address","price_tier","website_url","menu_url","wishlist_note","created_at","updated_at","place_id","lat","lng","maps_url") VALUES(235,'callao','Callao','Japanese, Peruvian',15,NULL,4,NULL,NULL,NULL,1777089289,1777089289,NULL,NULL,NULL,NULL);
INSERT INTO "restaurants" ("id","slug","name","cuisine","location_id","address","price_tier","website_url","menu_url","wishlist_note","created_at","updated_at","place_id","lat","lng","maps_url") VALUES(236,'margaret','Margaret',NULL,NULL,NULL,NULL,NULL,NULL,NULL,1777089289,1777089289,NULL,NULL,NULL,NULL);
INSERT INTO "restaurants" ("id","slug","name","cuisine","location_id","address","price_tier","website_url","menu_url","wishlist_note","created_at","updated_at","place_id","lat","lng","maps_url") VALUES(237,'don-t-tell-uncle','Don’t Tell Uncle','Indian',NULL,NULL,NULL,NULL,NULL,NULL,1777089289,1777089289,NULL,NULL,NULL,NULL);
INSERT INTO "restaurants" ("id","slug","name","cuisine","location_id","address","price_tier","website_url","menu_url","wishlist_note","created_at","updated_at","place_id","lat","lng","maps_url") VALUES(238,'henrietta-charcoal-chicken-surry-hills','Henrietta Charcoal Chicken','Mediterranean',2,'Shop 1/500 Crown St, Surry Hills NSW 2010, Australia',NULL,'https://www.henriettachicken.com/',NULL,NULL,1777204867,1777204882,'ChIJIT2BbkevEmsRxyskwZc6Lqk',-33.887017,151.2137613,'https://www.google.com/maps/place/?q=place_id:ChIJIT2BbkevEmsRxyskwZc6Lqk');
CREATE TABLE restaurant_tags (
  restaurant_id INTEGER NOT NULL REFERENCES restaurants(id) ON DELETE CASCADE,
  tag_id        INTEGER NOT NULL REFERENCES tags(id) ON DELETE CASCADE,
  PRIMARY KEY (restaurant_id, tag_id)
);
INSERT INTO "restaurant_tags" ("restaurant_id","tag_id") VALUES(6,1);
INSERT INTO "restaurant_tags" ("restaurant_id","tag_id") VALUES(6,8);
INSERT INTO "restaurant_tags" ("restaurant_id","tag_id") VALUES(6,4);
INSERT INTO "restaurant_tags" ("restaurant_id","tag_id") VALUES(6,2);
INSERT INTO "restaurant_tags" ("restaurant_id","tag_id") VALUES(7,10);
INSERT INTO "restaurant_tags" ("restaurant_id","tag_id") VALUES(7,9);
INSERT INTO "restaurant_tags" ("restaurant_id","tag_id") VALUES(8,10);
INSERT INTO "restaurant_tags" ("restaurant_id","tag_id") VALUES(8,8);
INSERT INTO "restaurant_tags" ("restaurant_id","tag_id") VALUES(8,4);
INSERT INTO "restaurant_tags" ("restaurant_id","tag_id") VALUES(9,10);
INSERT INTO "restaurant_tags" ("restaurant_id","tag_id") VALUES(9,8);
INSERT INTO "restaurant_tags" ("restaurant_id","tag_id") VALUES(9,4);
INSERT INTO "restaurant_tags" ("restaurant_id","tag_id") VALUES(9,9);
INSERT INTO "restaurant_tags" ("restaurant_id","tag_id") VALUES(10,10);
INSERT INTO "restaurant_tags" ("restaurant_id","tag_id") VALUES(10,8);
INSERT INTO "restaurant_tags" ("restaurant_id","tag_id") VALUES(10,3);
INSERT INTO "restaurant_tags" ("restaurant_id","tag_id") VALUES(10,9);
INSERT INTO "restaurant_tags" ("restaurant_id","tag_id") VALUES(11,10);
INSERT INTO "restaurant_tags" ("restaurant_id","tag_id") VALUES(11,8);
INSERT INTO "restaurant_tags" ("restaurant_id","tag_id") VALUES(11,4);
INSERT INTO "restaurant_tags" ("restaurant_id","tag_id") VALUES(12,10);
INSERT INTO "restaurant_tags" ("restaurant_id","tag_id") VALUES(12,8);
INSERT INTO "restaurant_tags" ("restaurant_id","tag_id") VALUES(12,4);
INSERT INTO "restaurant_tags" ("restaurant_id","tag_id") VALUES(13,10);
INSERT INTO "restaurant_tags" ("restaurant_id","tag_id") VALUES(13,9);
INSERT INTO "restaurant_tags" ("restaurant_id","tag_id") VALUES(14,10);
INSERT INTO "restaurant_tags" ("restaurant_id","tag_id") VALUES(14,8);
INSERT INTO "restaurant_tags" ("restaurant_id","tag_id") VALUES(14,4);
INSERT INTO "restaurant_tags" ("restaurant_id","tag_id") VALUES(15,10);
INSERT INTO "restaurant_tags" ("restaurant_id","tag_id") VALUES(15,8);
INSERT INTO "restaurant_tags" ("restaurant_id","tag_id") VALUES(15,4);
INSERT INTO "restaurant_tags" ("restaurant_id","tag_id") VALUES(15,9);
INSERT INTO "restaurant_tags" ("restaurant_id","tag_id") VALUES(16,10);
INSERT INTO "restaurant_tags" ("restaurant_id","tag_id") VALUES(16,1);
INSERT INTO "restaurant_tags" ("restaurant_id","tag_id") VALUES(16,8);
INSERT INTO "restaurant_tags" ("restaurant_id","tag_id") VALUES(17,10);
INSERT INTO "restaurant_tags" ("restaurant_id","tag_id") VALUES(17,8);
INSERT INTO "restaurant_tags" ("restaurant_id","tag_id") VALUES(17,4);
INSERT INTO "restaurant_tags" ("restaurant_id","tag_id") VALUES(18,10);
INSERT INTO "restaurant_tags" ("restaurant_id","tag_id") VALUES(18,8);
INSERT INTO "restaurant_tags" ("restaurant_id","tag_id") VALUES(18,4);
INSERT INTO "restaurant_tags" ("restaurant_id","tag_id") VALUES(18,9);
INSERT INTO "restaurant_tags" ("restaurant_id","tag_id") VALUES(20,8);
INSERT INTO "restaurant_tags" ("restaurant_id","tag_id") VALUES(20,3);
INSERT INTO "restaurant_tags" ("restaurant_id","tag_id") VALUES(20,2);
INSERT INTO "restaurant_tags" ("restaurant_id","tag_id") VALUES(21,10);
INSERT INTO "restaurant_tags" ("restaurant_id","tag_id") VALUES(21,8);
INSERT INTO "restaurant_tags" ("restaurant_id","tag_id") VALUES(21,4);
INSERT INTO "restaurant_tags" ("restaurant_id","tag_id") VALUES(22,10);
INSERT INTO "restaurant_tags" ("restaurant_id","tag_id") VALUES(22,1);
INSERT INTO "restaurant_tags" ("restaurant_id","tag_id") VALUES(22,2);
INSERT INTO "restaurant_tags" ("restaurant_id","tag_id") VALUES(24,10);
INSERT INTO "restaurant_tags" ("restaurant_id","tag_id") VALUES(24,9);
INSERT INTO "restaurant_tags" ("restaurant_id","tag_id") VALUES(25,10);
INSERT INTO "restaurant_tags" ("restaurant_id","tag_id") VALUES(25,8);
INSERT INTO "restaurant_tags" ("restaurant_id","tag_id") VALUES(25,4);
INSERT INTO "restaurant_tags" ("restaurant_id","tag_id") VALUES(25,9);
INSERT INTO "restaurant_tags" ("restaurant_id","tag_id") VALUES(26,10);
INSERT INTO "restaurant_tags" ("restaurant_id","tag_id") VALUES(26,9);
INSERT INTO "restaurant_tags" ("restaurant_id","tag_id") VALUES(27,1);
INSERT INTO "restaurant_tags" ("restaurant_id","tag_id") VALUES(27,8);
INSERT INTO "restaurant_tags" ("restaurant_id","tag_id") VALUES(27,22);
INSERT INTO "restaurant_tags" ("restaurant_id","tag_id") VALUES(27,4);
INSERT INTO "restaurant_tags" ("restaurant_id","tag_id") VALUES(28,1);
INSERT INTO "restaurant_tags" ("restaurant_id","tag_id") VALUES(28,8);
INSERT INTO "restaurant_tags" ("restaurant_id","tag_id") VALUES(28,3);
INSERT INTO "restaurant_tags" ("restaurant_id","tag_id") VALUES(28,4);
INSERT INTO "restaurant_tags" ("restaurant_id","tag_id") VALUES(28,2);
INSERT INTO "restaurant_tags" ("restaurant_id","tag_id") VALUES(29,10);
INSERT INTO "restaurant_tags" ("restaurant_id","tag_id") VALUES(29,8);
INSERT INTO "restaurant_tags" ("restaurant_id","tag_id") VALUES(29,4);
INSERT INTO "restaurant_tags" ("restaurant_id","tag_id") VALUES(30,10);
INSERT INTO "restaurant_tags" ("restaurant_id","tag_id") VALUES(30,8);
INSERT INTO "restaurant_tags" ("restaurant_id","tag_id") VALUES(30,3);
INSERT INTO "restaurant_tags" ("restaurant_id","tag_id") VALUES(31,1);
INSERT INTO "restaurant_tags" ("restaurant_id","tag_id") VALUES(31,8);
INSERT INTO "restaurant_tags" ("restaurant_id","tag_id") VALUES(31,22);
INSERT INTO "restaurant_tags" ("restaurant_id","tag_id") VALUES(31,4);
INSERT INTO "restaurant_tags" ("restaurant_id","tag_id") VALUES(32,10);
INSERT INTO "restaurant_tags" ("restaurant_id","tag_id") VALUES(32,8);
INSERT INTO "restaurant_tags" ("restaurant_id","tag_id") VALUES(32,4);
INSERT INTO "restaurant_tags" ("restaurant_id","tag_id") VALUES(33,10);
INSERT INTO "restaurant_tags" ("restaurant_id","tag_id") VALUES(33,8);
INSERT INTO "restaurant_tags" ("restaurant_id","tag_id") VALUES(33,4);
INSERT INTO "restaurant_tags" ("restaurant_id","tag_id") VALUES(33,9);
INSERT INTO "restaurant_tags" ("restaurant_id","tag_id") VALUES(34,10);
INSERT INTO "restaurant_tags" ("restaurant_id","tag_id") VALUES(34,8);
INSERT INTO "restaurant_tags" ("restaurant_id","tag_id") VALUES(34,4);
INSERT INTO "restaurant_tags" ("restaurant_id","tag_id") VALUES(35,10);
INSERT INTO "restaurant_tags" ("restaurant_id","tag_id") VALUES(35,8);
INSERT INTO "restaurant_tags" ("restaurant_id","tag_id") VALUES(35,9);
INSERT INTO "restaurant_tags" ("restaurant_id","tag_id") VALUES(36,10);
INSERT INTO "restaurant_tags" ("restaurant_id","tag_id") VALUES(36,8);
INSERT INTO "restaurant_tags" ("restaurant_id","tag_id") VALUES(36,3);
INSERT INTO "restaurant_tags" ("restaurant_id","tag_id") VALUES(37,10);
INSERT INTO "restaurant_tags" ("restaurant_id","tag_id") VALUES(37,8);
INSERT INTO "restaurant_tags" ("restaurant_id","tag_id") VALUES(37,4);
INSERT INTO "restaurant_tags" ("restaurant_id","tag_id") VALUES(38,10);
INSERT INTO "restaurant_tags" ("restaurant_id","tag_id") VALUES(38,8);
INSERT INTO "restaurant_tags" ("restaurant_id","tag_id") VALUES(38,3);
INSERT INTO "restaurant_tags" ("restaurant_id","tag_id") VALUES(39,10);
INSERT INTO "restaurant_tags" ("restaurant_id","tag_id") VALUES(39,8);
INSERT INTO "restaurant_tags" ("restaurant_id","tag_id") VALUES(39,4);
INSERT INTO "restaurant_tags" ("restaurant_id","tag_id") VALUES(39,9);
INSERT INTO "restaurant_tags" ("restaurant_id","tag_id") VALUES(40,1);
INSERT INTO "restaurant_tags" ("restaurant_id","tag_id") VALUES(40,8);
INSERT INTO "restaurant_tags" ("restaurant_id","tag_id") VALUES(40,22);
INSERT INTO "restaurant_tags" ("restaurant_id","tag_id") VALUES(40,3);
INSERT INTO "restaurant_tags" ("restaurant_id","tag_id") VALUES(41,10);
INSERT INTO "restaurant_tags" ("restaurant_id","tag_id") VALUES(41,8);
INSERT INTO "restaurant_tags" ("restaurant_id","tag_id") VALUES(41,4);
INSERT INTO "restaurant_tags" ("restaurant_id","tag_id") VALUES(42,10);
INSERT INTO "restaurant_tags" ("restaurant_id","tag_id") VALUES(42,8);
INSERT INTO "restaurant_tags" ("restaurant_id","tag_id") VALUES(42,4);
INSERT INTO "restaurant_tags" ("restaurant_id","tag_id") VALUES(42,9);
INSERT INTO "restaurant_tags" ("restaurant_id","tag_id") VALUES(43,10);
INSERT INTO "restaurant_tags" ("restaurant_id","tag_id") VALUES(43,8);
INSERT INTO "restaurant_tags" ("restaurant_id","tag_id") VALUES(43,4);
INSERT INTO "restaurant_tags" ("restaurant_id","tag_id") VALUES(44,1);
INSERT INTO "restaurant_tags" ("restaurant_id","tag_id") VALUES(44,8);
INSERT INTO "restaurant_tags" ("restaurant_id","tag_id") VALUES(44,3);
INSERT INTO "restaurant_tags" ("restaurant_id","tag_id") VALUES(44,4);
INSERT INTO "restaurant_tags" ("restaurant_id","tag_id") VALUES(44,2);
INSERT INTO "restaurant_tags" ("restaurant_id","tag_id") VALUES(45,10);
INSERT INTO "restaurant_tags" ("restaurant_id","tag_id") VALUES(45,8);
INSERT INTO "restaurant_tags" ("restaurant_id","tag_id") VALUES(45,4);
INSERT INTO "restaurant_tags" ("restaurant_id","tag_id") VALUES(46,1);
INSERT INTO "restaurant_tags" ("restaurant_id","tag_id") VALUES(46,8);
INSERT INTO "restaurant_tags" ("restaurant_id","tag_id") VALUES(46,4);
INSERT INTO "restaurant_tags" ("restaurant_id","tag_id") VALUES(46,2);
INSERT INTO "restaurant_tags" ("restaurant_id","tag_id") VALUES(48,10);
INSERT INTO "restaurant_tags" ("restaurant_id","tag_id") VALUES(48,8);
INSERT INTO "restaurant_tags" ("restaurant_id","tag_id") VALUES(49,1);
INSERT INTO "restaurant_tags" ("restaurant_id","tag_id") VALUES(49,8);
INSERT INTO "restaurant_tags" ("restaurant_id","tag_id") VALUES(49,22);
INSERT INTO "restaurant_tags" ("restaurant_id","tag_id") VALUES(49,4);
INSERT INTO "restaurant_tags" ("restaurant_id","tag_id") VALUES(53,1);
INSERT INTO "restaurant_tags" ("restaurant_id","tag_id") VALUES(53,8);
INSERT INTO "restaurant_tags" ("restaurant_id","tag_id") VALUES(53,4);
INSERT INTO "restaurant_tags" ("restaurant_id","tag_id") VALUES(53,2);
INSERT INTO "restaurant_tags" ("restaurant_id","tag_id") VALUES(54,10);
INSERT INTO "restaurant_tags" ("restaurant_id","tag_id") VALUES(54,8);
INSERT INTO "restaurant_tags" ("restaurant_id","tag_id") VALUES(54,4);
INSERT INTO "restaurant_tags" ("restaurant_id","tag_id") VALUES(54,9);
INSERT INTO "restaurant_tags" ("restaurant_id","tag_id") VALUES(56,10);
INSERT INTO "restaurant_tags" ("restaurant_id","tag_id") VALUES(56,8);
INSERT INTO "restaurant_tags" ("restaurant_id","tag_id") VALUES(56,4);
INSERT INTO "restaurant_tags" ("restaurant_id","tag_id") VALUES(56,9);
INSERT INTO "restaurant_tags" ("restaurant_id","tag_id") VALUES(57,10);
INSERT INTO "restaurant_tags" ("restaurant_id","tag_id") VALUES(57,8);
INSERT INTO "restaurant_tags" ("restaurant_id","tag_id") VALUES(57,4);
INSERT INTO "restaurant_tags" ("restaurant_id","tag_id") VALUES(57,9);
INSERT INTO "restaurant_tags" ("restaurant_id","tag_id") VALUES(58,2);
INSERT INTO "restaurant_tags" ("restaurant_id","tag_id") VALUES(60,2);
INSERT INTO "restaurant_tags" ("restaurant_id","tag_id") VALUES(62,8);
INSERT INTO "restaurant_tags" ("restaurant_id","tag_id") VALUES(62,3);
INSERT INTO "restaurant_tags" ("restaurant_id","tag_id") VALUES(62,4);
INSERT INTO "restaurant_tags" ("restaurant_id","tag_id") VALUES(62,2);
INSERT INTO "restaurant_tags" ("restaurant_id","tag_id") VALUES(63,1);
INSERT INTO "restaurant_tags" ("restaurant_id","tag_id") VALUES(63,8);
INSERT INTO "restaurant_tags" ("restaurant_id","tag_id") VALUES(63,4);
INSERT INTO "restaurant_tags" ("restaurant_id","tag_id") VALUES(63,2);
INSERT INTO "restaurant_tags" ("restaurant_id","tag_id") VALUES(64,1);
INSERT INTO "restaurant_tags" ("restaurant_id","tag_id") VALUES(64,8);
INSERT INTO "restaurant_tags" ("restaurant_id","tag_id") VALUES(64,2);
INSERT INTO "restaurant_tags" ("restaurant_id","tag_id") VALUES(65,10);
INSERT INTO "restaurant_tags" ("restaurant_id","tag_id") VALUES(65,4);
INSERT INTO "restaurant_tags" ("restaurant_id","tag_id") VALUES(65,9);
INSERT INTO "restaurant_tags" ("restaurant_id","tag_id") VALUES(66,10);
INSERT INTO "restaurant_tags" ("restaurant_id","tag_id") VALUES(66,8);
INSERT INTO "restaurant_tags" ("restaurant_id","tag_id") VALUES(66,3);
INSERT INTO "restaurant_tags" ("restaurant_id","tag_id") VALUES(66,4);
INSERT INTO "restaurant_tags" ("restaurant_id","tag_id") VALUES(67,1);
INSERT INTO "restaurant_tags" ("restaurant_id","tag_id") VALUES(67,8);
INSERT INTO "restaurant_tags" ("restaurant_id","tag_id") VALUES(67,22);
INSERT INTO "restaurant_tags" ("restaurant_id","tag_id") VALUES(67,4);
INSERT INTO "restaurant_tags" ("restaurant_id","tag_id") VALUES(68,10);
INSERT INTO "restaurant_tags" ("restaurant_id","tag_id") VALUES(68,8);
INSERT INTO "restaurant_tags" ("restaurant_id","tag_id") VALUES(68,3);
INSERT INTO "restaurant_tags" ("restaurant_id","tag_id") VALUES(68,4);
INSERT INTO "restaurant_tags" ("restaurant_id","tag_id") VALUES(68,2);
INSERT INTO "restaurant_tags" ("restaurant_id","tag_id") VALUES(69,10);
INSERT INTO "restaurant_tags" ("restaurant_id","tag_id") VALUES(69,8);
INSERT INTO "restaurant_tags" ("restaurant_id","tag_id") VALUES(69,4);
INSERT INTO "restaurant_tags" ("restaurant_id","tag_id") VALUES(69,9);
INSERT INTO "restaurant_tags" ("restaurant_id","tag_id") VALUES(70,10);
INSERT INTO "restaurant_tags" ("restaurant_id","tag_id") VALUES(70,8);
INSERT INTO "restaurant_tags" ("restaurant_id","tag_id") VALUES(70,4);
INSERT INTO "restaurant_tags" ("restaurant_id","tag_id") VALUES(71,8);
INSERT INTO "restaurant_tags" ("restaurant_id","tag_id") VALUES(71,3);
INSERT INTO "restaurant_tags" ("restaurant_id","tag_id") VALUES(71,4);
INSERT INTO "restaurant_tags" ("restaurant_id","tag_id") VALUES(71,2);
INSERT INTO "restaurant_tags" ("restaurant_id","tag_id") VALUES(72,8);
INSERT INTO "restaurant_tags" ("restaurant_id","tag_id") VALUES(72,3);
INSERT INTO "restaurant_tags" ("restaurant_id","tag_id") VALUES(72,4);
INSERT INTO "restaurant_tags" ("restaurant_id","tag_id") VALUES(72,2);
INSERT INTO "restaurant_tags" ("restaurant_id","tag_id") VALUES(73,8);
INSERT INTO "restaurant_tags" ("restaurant_id","tag_id") VALUES(73,3);
INSERT INTO "restaurant_tags" ("restaurant_id","tag_id") VALUES(73,4);
INSERT INTO "restaurant_tags" ("restaurant_id","tag_id") VALUES(73,2);
INSERT INTO "restaurant_tags" ("restaurant_id","tag_id") VALUES(74,10);
INSERT INTO "restaurant_tags" ("restaurant_id","tag_id") VALUES(74,8);
INSERT INTO "restaurant_tags" ("restaurant_id","tag_id") VALUES(74,4);
INSERT INTO "restaurant_tags" ("restaurant_id","tag_id") VALUES(75,10);
INSERT INTO "restaurant_tags" ("restaurant_id","tag_id") VALUES(75,8);
INSERT INTO "restaurant_tags" ("restaurant_id","tag_id") VALUES(75,4);
INSERT INTO "restaurant_tags" ("restaurant_id","tag_id") VALUES(75,9);
INSERT INTO "restaurant_tags" ("restaurant_id","tag_id") VALUES(76,10);
INSERT INTO "restaurant_tags" ("restaurant_id","tag_id") VALUES(76,8);
INSERT INTO "restaurant_tags" ("restaurant_id","tag_id") VALUES(76,4);
INSERT INTO "restaurant_tags" ("restaurant_id","tag_id") VALUES(76,9);
INSERT INTO "restaurant_tags" ("restaurant_id","tag_id") VALUES(77,10);
INSERT INTO "restaurant_tags" ("restaurant_id","tag_id") VALUES(77,8);
INSERT INTO "restaurant_tags" ("restaurant_id","tag_id") VALUES(77,3);
INSERT INTO "restaurant_tags" ("restaurant_id","tag_id") VALUES(77,4);
INSERT INTO "restaurant_tags" ("restaurant_id","tag_id") VALUES(78,10);
INSERT INTO "restaurant_tags" ("restaurant_id","tag_id") VALUES(78,8);
INSERT INTO "restaurant_tags" ("restaurant_id","tag_id") VALUES(78,4);
INSERT INTO "restaurant_tags" ("restaurant_id","tag_id") VALUES(78,9);
INSERT INTO "restaurant_tags" ("restaurant_id","tag_id") VALUES(80,10);
INSERT INTO "restaurant_tags" ("restaurant_id","tag_id") VALUES(80,9);
INSERT INTO "restaurant_tags" ("restaurant_id","tag_id") VALUES(81,10);
INSERT INTO "restaurant_tags" ("restaurant_id","tag_id") VALUES(81,9);
INSERT INTO "restaurant_tags" ("restaurant_id","tag_id") VALUES(82,10);
INSERT INTO "restaurant_tags" ("restaurant_id","tag_id") VALUES(82,8);
INSERT INTO "restaurant_tags" ("restaurant_id","tag_id") VALUES(82,4);
INSERT INTO "restaurant_tags" ("restaurant_id","tag_id") VALUES(83,10);
INSERT INTO "restaurant_tags" ("restaurant_id","tag_id") VALUES(83,9);
INSERT INTO "restaurant_tags" ("restaurant_id","tag_id") VALUES(84,1);
INSERT INTO "restaurant_tags" ("restaurant_id","tag_id") VALUES(84,8);
INSERT INTO "restaurant_tags" ("restaurant_id","tag_id") VALUES(84,22);
INSERT INTO "restaurant_tags" ("restaurant_id","tag_id") VALUES(84,4);
INSERT INTO "restaurant_tags" ("restaurant_id","tag_id") VALUES(85,10);
INSERT INTO "restaurant_tags" ("restaurant_id","tag_id") VALUES(85,8);
INSERT INTO "restaurant_tags" ("restaurant_id","tag_id") VALUES(85,3);
INSERT INTO "restaurant_tags" ("restaurant_id","tag_id") VALUES(85,4);
INSERT INTO "restaurant_tags" ("restaurant_id","tag_id") VALUES(86,10);
INSERT INTO "restaurant_tags" ("restaurant_id","tag_id") VALUES(86,8);
INSERT INTO "restaurant_tags" ("restaurant_id","tag_id") VALUES(86,4);
INSERT INTO "restaurant_tags" ("restaurant_id","tag_id") VALUES(87,10);
INSERT INTO "restaurant_tags" ("restaurant_id","tag_id") VALUES(87,8);
INSERT INTO "restaurant_tags" ("restaurant_id","tag_id") VALUES(87,3);
INSERT INTO "restaurant_tags" ("restaurant_id","tag_id") VALUES(87,4);
INSERT INTO "restaurant_tags" ("restaurant_id","tag_id") VALUES(88,10);
INSERT INTO "restaurant_tags" ("restaurant_id","tag_id") VALUES(88,8);
INSERT INTO "restaurant_tags" ("restaurant_id","tag_id") VALUES(88,3);
INSERT INTO "restaurant_tags" ("restaurant_id","tag_id") VALUES(88,4);
INSERT INTO "restaurant_tags" ("restaurant_id","tag_id") VALUES(89,1);
INSERT INTO "restaurant_tags" ("restaurant_id","tag_id") VALUES(89,8);
INSERT INTO "restaurant_tags" ("restaurant_id","tag_id") VALUES(89,4);
INSERT INTO "restaurant_tags" ("restaurant_id","tag_id") VALUES(89,2);
INSERT INTO "restaurant_tags" ("restaurant_id","tag_id") VALUES(94,8);
INSERT INTO "restaurant_tags" ("restaurant_id","tag_id") VALUES(94,3);
INSERT INTO "restaurant_tags" ("restaurant_id","tag_id") VALUES(94,4);
INSERT INTO "restaurant_tags" ("restaurant_id","tag_id") VALUES(94,2);
INSERT INTO "restaurant_tags" ("restaurant_id","tag_id") VALUES(95,10);
INSERT INTO "restaurant_tags" ("restaurant_id","tag_id") VALUES(95,8);
INSERT INTO "restaurant_tags" ("restaurant_id","tag_id") VALUES(95,4);
INSERT INTO "restaurant_tags" ("restaurant_id","tag_id") VALUES(96,1);
INSERT INTO "restaurant_tags" ("restaurant_id","tag_id") VALUES(96,8);
INSERT INTO "restaurant_tags" ("restaurant_id","tag_id") VALUES(96,4);
INSERT INTO "restaurant_tags" ("restaurant_id","tag_id") VALUES(96,2);
INSERT INTO "restaurant_tags" ("restaurant_id","tag_id") VALUES(97,10);
INSERT INTO "restaurant_tags" ("restaurant_id","tag_id") VALUES(97,8);
INSERT INTO "restaurant_tags" ("restaurant_id","tag_id") VALUES(97,4);
INSERT INTO "restaurant_tags" ("restaurant_id","tag_id") VALUES(98,22);
INSERT INTO "restaurant_tags" ("restaurant_id","tag_id") VALUES(99,1);
INSERT INTO "restaurant_tags" ("restaurant_id","tag_id") VALUES(99,2);
INSERT INTO "restaurant_tags" ("restaurant_id","tag_id") VALUES(100,1);
INSERT INTO "restaurant_tags" ("restaurant_id","tag_id") VALUES(100,8);
INSERT INTO "restaurant_tags" ("restaurant_id","tag_id") VALUES(100,22);
INSERT INTO "restaurant_tags" ("restaurant_id","tag_id") VALUES(101,1);
INSERT INTO "restaurant_tags" ("restaurant_id","tag_id") VALUES(101,8);
INSERT INTO "restaurant_tags" ("restaurant_id","tag_id") VALUES(101,4);
INSERT INTO "restaurant_tags" ("restaurant_id","tag_id") VALUES(101,2);
INSERT INTO "restaurant_tags" ("restaurant_id","tag_id") VALUES(102,1);
INSERT INTO "restaurant_tags" ("restaurant_id","tag_id") VALUES(102,8);
INSERT INTO "restaurant_tags" ("restaurant_id","tag_id") VALUES(102,2);
INSERT INTO "restaurant_tags" ("restaurant_id","tag_id") VALUES(103,10);
INSERT INTO "restaurant_tags" ("restaurant_id","tag_id") VALUES(103,8);
INSERT INTO "restaurant_tags" ("restaurant_id","tag_id") VALUES(103,3);
INSERT INTO "restaurant_tags" ("restaurant_id","tag_id") VALUES(103,4);
INSERT INTO "restaurant_tags" ("restaurant_id","tag_id") VALUES(103,9);
INSERT INTO "restaurant_tags" ("restaurant_id","tag_id") VALUES(106,1);
INSERT INTO "restaurant_tags" ("restaurant_id","tag_id") VALUES(106,8);
INSERT INTO "restaurant_tags" ("restaurant_id","tag_id") VALUES(106,4);
INSERT INTO "restaurant_tags" ("restaurant_id","tag_id") VALUES(106,2);
INSERT INTO "restaurant_tags" ("restaurant_id","tag_id") VALUES(108,8);
INSERT INTO "restaurant_tags" ("restaurant_id","tag_id") VALUES(108,3);
INSERT INTO "restaurant_tags" ("restaurant_id","tag_id") VALUES(108,4);
INSERT INTO "restaurant_tags" ("restaurant_id","tag_id") VALUES(108,2);
INSERT INTO "restaurant_tags" ("restaurant_id","tag_id") VALUES(111,1);
INSERT INTO "restaurant_tags" ("restaurant_id","tag_id") VALUES(111,8);
INSERT INTO "restaurant_tags" ("restaurant_id","tag_id") VALUES(111,4);
INSERT INTO "restaurant_tags" ("restaurant_id","tag_id") VALUES(111,2);
INSERT INTO "restaurant_tags" ("restaurant_id","tag_id") VALUES(112,8);
INSERT INTO "restaurant_tags" ("restaurant_id","tag_id") VALUES(112,2);
INSERT INTO "restaurant_tags" ("restaurant_id","tag_id") VALUES(113,10);
INSERT INTO "restaurant_tags" ("restaurant_id","tag_id") VALUES(113,8);
INSERT INTO "restaurant_tags" ("restaurant_id","tag_id") VALUES(113,4);
INSERT INTO "restaurant_tags" ("restaurant_id","tag_id") VALUES(114,9);
INSERT INTO "restaurant_tags" ("restaurant_id","tag_id") VALUES(115,1);
INSERT INTO "restaurant_tags" ("restaurant_id","tag_id") VALUES(115,8);
INSERT INTO "restaurant_tags" ("restaurant_id","tag_id") VALUES(115,4);
INSERT INTO "restaurant_tags" ("restaurant_id","tag_id") VALUES(115,2);
INSERT INTO "restaurant_tags" ("restaurant_id","tag_id") VALUES(118,10);
INSERT INTO "restaurant_tags" ("restaurant_id","tag_id") VALUES(118,8);
INSERT INTO "restaurant_tags" ("restaurant_id","tag_id") VALUES(118,4);
INSERT INTO "restaurant_tags" ("restaurant_id","tag_id") VALUES(119,8);
INSERT INTO "restaurant_tags" ("restaurant_id","tag_id") VALUES(119,3);
INSERT INTO "restaurant_tags" ("restaurant_id","tag_id") VALUES(119,4);
INSERT INTO "restaurant_tags" ("restaurant_id","tag_id") VALUES(119,2);
INSERT INTO "restaurant_tags" ("restaurant_id","tag_id") VALUES(121,10);
INSERT INTO "restaurant_tags" ("restaurant_id","tag_id") VALUES(121,8);
INSERT INTO "restaurant_tags" ("restaurant_id","tag_id") VALUES(121,4);
INSERT INTO "restaurant_tags" ("restaurant_id","tag_id") VALUES(121,9);
INSERT INTO "restaurant_tags" ("restaurant_id","tag_id") VALUES(122,10);
INSERT INTO "restaurant_tags" ("restaurant_id","tag_id") VALUES(122,8);
INSERT INTO "restaurant_tags" ("restaurant_id","tag_id") VALUES(122,4);
INSERT INTO "restaurant_tags" ("restaurant_id","tag_id") VALUES(122,9);
INSERT INTO "restaurant_tags" ("restaurant_id","tag_id") VALUES(123,1);
INSERT INTO "restaurant_tags" ("restaurant_id","tag_id") VALUES(123,8);
INSERT INTO "restaurant_tags" ("restaurant_id","tag_id") VALUES(123,4);
INSERT INTO "restaurant_tags" ("restaurant_id","tag_id") VALUES(123,2);
INSERT INTO "restaurant_tags" ("restaurant_id","tag_id") VALUES(124,10);
INSERT INTO "restaurant_tags" ("restaurant_id","tag_id") VALUES(124,1);
INSERT INTO "restaurant_tags" ("restaurant_id","tag_id") VALUES(124,8);
INSERT INTO "restaurant_tags" ("restaurant_id","tag_id") VALUES(124,4);
INSERT INTO "restaurant_tags" ("restaurant_id","tag_id") VALUES(124,2);
INSERT INTO "restaurant_tags" ("restaurant_id","tag_id") VALUES(127,10);
INSERT INTO "restaurant_tags" ("restaurant_id","tag_id") VALUES(127,4);
INSERT INTO "restaurant_tags" ("restaurant_id","tag_id") VALUES(127,9);
INSERT INTO "restaurant_tags" ("restaurant_id","tag_id") VALUES(128,1);
INSERT INTO "restaurant_tags" ("restaurant_id","tag_id") VALUES(128,8);
INSERT INTO "restaurant_tags" ("restaurant_id","tag_id") VALUES(128,4);
INSERT INTO "restaurant_tags" ("restaurant_id","tag_id") VALUES(128,2);
INSERT INTO "restaurant_tags" ("restaurant_id","tag_id") VALUES(129,1);
INSERT INTO "restaurant_tags" ("restaurant_id","tag_id") VALUES(129,8);
INSERT INTO "restaurant_tags" ("restaurant_id","tag_id") VALUES(129,4);
INSERT INTO "restaurant_tags" ("restaurant_id","tag_id") VALUES(129,2);
INSERT INTO "restaurant_tags" ("restaurant_id","tag_id") VALUES(130,10);
INSERT INTO "restaurant_tags" ("restaurant_id","tag_id") VALUES(130,8);
INSERT INTO "restaurant_tags" ("restaurant_id","tag_id") VALUES(130,4);
INSERT INTO "restaurant_tags" ("restaurant_id","tag_id") VALUES(130,9);
INSERT INTO "restaurant_tags" ("restaurant_id","tag_id") VALUES(133,10);
INSERT INTO "restaurant_tags" ("restaurant_id","tag_id") VALUES(133,8);
INSERT INTO "restaurant_tags" ("restaurant_id","tag_id") VALUES(133,4);
INSERT INTO "restaurant_tags" ("restaurant_id","tag_id") VALUES(133,9);
INSERT INTO "restaurant_tags" ("restaurant_id","tag_id") VALUES(135,10);
INSERT INTO "restaurant_tags" ("restaurant_id","tag_id") VALUES(135,8);
INSERT INTO "restaurant_tags" ("restaurant_id","tag_id") VALUES(135,4);
INSERT INTO "restaurant_tags" ("restaurant_id","tag_id") VALUES(135,9);
INSERT INTO "restaurant_tags" ("restaurant_id","tag_id") VALUES(139,2);
INSERT INTO "restaurant_tags" ("restaurant_id","tag_id") VALUES(140,1);
INSERT INTO "restaurant_tags" ("restaurant_id","tag_id") VALUES(140,8);
INSERT INTO "restaurant_tags" ("restaurant_id","tag_id") VALUES(140,3);
INSERT INTO "restaurant_tags" ("restaurant_id","tag_id") VALUES(140,4);
INSERT INTO "restaurant_tags" ("restaurant_id","tag_id") VALUES(140,2);
INSERT INTO "restaurant_tags" ("restaurant_id","tag_id") VALUES(141,1);
INSERT INTO "restaurant_tags" ("restaurant_id","tag_id") VALUES(141,8);
INSERT INTO "restaurant_tags" ("restaurant_id","tag_id") VALUES(141,22);
INSERT INTO "restaurant_tags" ("restaurant_id","tag_id") VALUES(143,1);
INSERT INTO "restaurant_tags" ("restaurant_id","tag_id") VALUES(143,8);
INSERT INTO "restaurant_tags" ("restaurant_id","tag_id") VALUES(143,22);
INSERT INTO "restaurant_tags" ("restaurant_id","tag_id") VALUES(143,4);
INSERT INTO "restaurant_tags" ("restaurant_id","tag_id") VALUES(144,1);
INSERT INTO "restaurant_tags" ("restaurant_id","tag_id") VALUES(144,8);
INSERT INTO "restaurant_tags" ("restaurant_id","tag_id") VALUES(144,4);
INSERT INTO "restaurant_tags" ("restaurant_id","tag_id") VALUES(144,2);
INSERT INTO "restaurant_tags" ("restaurant_id","tag_id") VALUES(146,1);
INSERT INTO "restaurant_tags" ("restaurant_id","tag_id") VALUES(146,8);
INSERT INTO "restaurant_tags" ("restaurant_id","tag_id") VALUES(146,22);
INSERT INTO "restaurant_tags" ("restaurant_id","tag_id") VALUES(146,4);
INSERT INTO "restaurant_tags" ("restaurant_id","tag_id") VALUES(147,10);
INSERT INTO "restaurant_tags" ("restaurant_id","tag_id") VALUES(147,8);
INSERT INTO "restaurant_tags" ("restaurant_id","tag_id") VALUES(147,4);
INSERT INTO "restaurant_tags" ("restaurant_id","tag_id") VALUES(148,10);
INSERT INTO "restaurant_tags" ("restaurant_id","tag_id") VALUES(148,8);
INSERT INTO "restaurant_tags" ("restaurant_id","tag_id") VALUES(148,4);
INSERT INTO "restaurant_tags" ("restaurant_id","tag_id") VALUES(148,9);
INSERT INTO "restaurant_tags" ("restaurant_id","tag_id") VALUES(150,10);
INSERT INTO "restaurant_tags" ("restaurant_id","tag_id") VALUES(150,8);
INSERT INTO "restaurant_tags" ("restaurant_id","tag_id") VALUES(150,3);
INSERT INTO "restaurant_tags" ("restaurant_id","tag_id") VALUES(150,4);
INSERT INTO "restaurant_tags" ("restaurant_id","tag_id") VALUES(150,9);
INSERT INTO "restaurant_tags" ("restaurant_id","tag_id") VALUES(151,1);
INSERT INTO "restaurant_tags" ("restaurant_id","tag_id") VALUES(151,8);
INSERT INTO "restaurant_tags" ("restaurant_id","tag_id") VALUES(151,4);
INSERT INTO "restaurant_tags" ("restaurant_id","tag_id") VALUES(151,2);
INSERT INTO "restaurant_tags" ("restaurant_id","tag_id") VALUES(153,10);
INSERT INTO "restaurant_tags" ("restaurant_id","tag_id") VALUES(153,8);
INSERT INTO "restaurant_tags" ("restaurant_id","tag_id") VALUES(153,4);
INSERT INTO "restaurant_tags" ("restaurant_id","tag_id") VALUES(153,9);
INSERT INTO "restaurant_tags" ("restaurant_id","tag_id") VALUES(154,1);
INSERT INTO "restaurant_tags" ("restaurant_id","tag_id") VALUES(154,8);
INSERT INTO "restaurant_tags" ("restaurant_id","tag_id") VALUES(154,4);
INSERT INTO "restaurant_tags" ("restaurant_id","tag_id") VALUES(154,2);
INSERT INTO "restaurant_tags" ("restaurant_id","tag_id") VALUES(156,1);
INSERT INTO "restaurant_tags" ("restaurant_id","tag_id") VALUES(156,8);
INSERT INTO "restaurant_tags" ("restaurant_id","tag_id") VALUES(156,4);
INSERT INTO "restaurant_tags" ("restaurant_id","tag_id") VALUES(156,2);
INSERT INTO "restaurant_tags" ("restaurant_id","tag_id") VALUES(159,10);
INSERT INTO "restaurant_tags" ("restaurant_id","tag_id") VALUES(159,8);
INSERT INTO "restaurant_tags" ("restaurant_id","tag_id") VALUES(159,4);
INSERT INTO "restaurant_tags" ("restaurant_id","tag_id") VALUES(161,8);
INSERT INTO "restaurant_tags" ("restaurant_id","tag_id") VALUES(161,2);
INSERT INTO "restaurant_tags" ("restaurant_id","tag_id") VALUES(162,2);
INSERT INTO "restaurant_tags" ("restaurant_id","tag_id") VALUES(163,1);
INSERT INTO "restaurant_tags" ("restaurant_id","tag_id") VALUES(163,8);
INSERT INTO "restaurant_tags" ("restaurant_id","tag_id") VALUES(163,22);
INSERT INTO "restaurant_tags" ("restaurant_id","tag_id") VALUES(163,4);
INSERT INTO "restaurant_tags" ("restaurant_id","tag_id") VALUES(164,10);
INSERT INTO "restaurant_tags" ("restaurant_id","tag_id") VALUES(164,8);
INSERT INTO "restaurant_tags" ("restaurant_id","tag_id") VALUES(164,3);
INSERT INTO "restaurant_tags" ("restaurant_id","tag_id") VALUES(164,4);
INSERT INTO "restaurant_tags" ("restaurant_id","tag_id") VALUES(165,10);
INSERT INTO "restaurant_tags" ("restaurant_id","tag_id") VALUES(165,8);
INSERT INTO "restaurant_tags" ("restaurant_id","tag_id") VALUES(165,4);
INSERT INTO "restaurant_tags" ("restaurant_id","tag_id") VALUES(165,9);
INSERT INTO "restaurant_tags" ("restaurant_id","tag_id") VALUES(166,1);
INSERT INTO "restaurant_tags" ("restaurant_id","tag_id") VALUES(166,8);
INSERT INTO "restaurant_tags" ("restaurant_id","tag_id") VALUES(166,4);
INSERT INTO "restaurant_tags" ("restaurant_id","tag_id") VALUES(166,2);
INSERT INTO "restaurant_tags" ("restaurant_id","tag_id") VALUES(167,10);
INSERT INTO "restaurant_tags" ("restaurant_id","tag_id") VALUES(167,8);
INSERT INTO "restaurant_tags" ("restaurant_id","tag_id") VALUES(167,3);
INSERT INTO "restaurant_tags" ("restaurant_id","tag_id") VALUES(167,4);
INSERT INTO "restaurant_tags" ("restaurant_id","tag_id") VALUES(168,10);
INSERT INTO "restaurant_tags" ("restaurant_id","tag_id") VALUES(168,8);
INSERT INTO "restaurant_tags" ("restaurant_id","tag_id") VALUES(168,4);
INSERT INTO "restaurant_tags" ("restaurant_id","tag_id") VALUES(170,10);
INSERT INTO "restaurant_tags" ("restaurant_id","tag_id") VALUES(170,8);
INSERT INTO "restaurant_tags" ("restaurant_id","tag_id") VALUES(170,4);
INSERT INTO "restaurant_tags" ("restaurant_id","tag_id") VALUES(170,9);
INSERT INTO "restaurant_tags" ("restaurant_id","tag_id") VALUES(171,10);
INSERT INTO "restaurant_tags" ("restaurant_id","tag_id") VALUES(171,1);
INSERT INTO "restaurant_tags" ("restaurant_id","tag_id") VALUES(171,8);
INSERT INTO "restaurant_tags" ("restaurant_id","tag_id") VALUES(171,4);
INSERT INTO "restaurant_tags" ("restaurant_id","tag_id") VALUES(171,9);
INSERT INTO "restaurant_tags" ("restaurant_id","tag_id") VALUES(173,10);
INSERT INTO "restaurant_tags" ("restaurant_id","tag_id") VALUES(173,1);
INSERT INTO "restaurant_tags" ("restaurant_id","tag_id") VALUES(173,8);
INSERT INTO "restaurant_tags" ("restaurant_id","tag_id") VALUES(173,4);
INSERT INTO "restaurant_tags" ("restaurant_id","tag_id") VALUES(175,10);
INSERT INTO "restaurant_tags" ("restaurant_id","tag_id") VALUES(175,8);
INSERT INTO "restaurant_tags" ("restaurant_id","tag_id") VALUES(175,4);
INSERT INTO "restaurant_tags" ("restaurant_id","tag_id") VALUES(177,1);
INSERT INTO "restaurant_tags" ("restaurant_id","tag_id") VALUES(177,8);
INSERT INTO "restaurant_tags" ("restaurant_id","tag_id") VALUES(177,4);
INSERT INTO "restaurant_tags" ("restaurant_id","tag_id") VALUES(177,2);
INSERT INTO "restaurant_tags" ("restaurant_id","tag_id") VALUES(180,8);
INSERT INTO "restaurant_tags" ("restaurant_id","tag_id") VALUES(180,3);
INSERT INTO "restaurant_tags" ("restaurant_id","tag_id") VALUES(180,4);
INSERT INTO "restaurant_tags" ("restaurant_id","tag_id") VALUES(182,10);
INSERT INTO "restaurant_tags" ("restaurant_id","tag_id") VALUES(182,9);
INSERT INTO "restaurant_tags" ("restaurant_id","tag_id") VALUES(185,10);
INSERT INTO "restaurant_tags" ("restaurant_id","tag_id") VALUES(185,8);
INSERT INTO "restaurant_tags" ("restaurant_id","tag_id") VALUES(185,4);
INSERT INTO "restaurant_tags" ("restaurant_id","tag_id") VALUES(185,9);
INSERT INTO "restaurant_tags" ("restaurant_id","tag_id") VALUES(189,10);
INSERT INTO "restaurant_tags" ("restaurant_id","tag_id") VALUES(189,8);
INSERT INTO "restaurant_tags" ("restaurant_id","tag_id") VALUES(189,4);
INSERT INTO "restaurant_tags" ("restaurant_id","tag_id") VALUES(189,9);
INSERT INTO "restaurant_tags" ("restaurant_id","tag_id") VALUES(190,1);
INSERT INTO "restaurant_tags" ("restaurant_id","tag_id") VALUES(190,8);
INSERT INTO "restaurant_tags" ("restaurant_id","tag_id") VALUES(190,3);
INSERT INTO "restaurant_tags" ("restaurant_id","tag_id") VALUES(190,4);
INSERT INTO "restaurant_tags" ("restaurant_id","tag_id") VALUES(190,2);
INSERT INTO "restaurant_tags" ("restaurant_id","tag_id") VALUES(192,10);
INSERT INTO "restaurant_tags" ("restaurant_id","tag_id") VALUES(192,1);
INSERT INTO "restaurant_tags" ("restaurant_id","tag_id") VALUES(192,8);
INSERT INTO "restaurant_tags" ("restaurant_id","tag_id") VALUES(192,4);
INSERT INTO "restaurant_tags" ("restaurant_id","tag_id") VALUES(193,2);
INSERT INTO "restaurant_tags" ("restaurant_id","tag_id") VALUES(197,22);
INSERT INTO "restaurant_tags" ("restaurant_id","tag_id") VALUES(198,22);
INSERT INTO "restaurant_tags" ("restaurant_id","tag_id") VALUES(200,1);
INSERT INTO "restaurant_tags" ("restaurant_id","tag_id") VALUES(200,8);
INSERT INTO "restaurant_tags" ("restaurant_id","tag_id") VALUES(200,4);
INSERT INTO "restaurant_tags" ("restaurant_id","tag_id") VALUES(202,10);
INSERT INTO "restaurant_tags" ("restaurant_id","tag_id") VALUES(202,1);
INSERT INTO "restaurant_tags" ("restaurant_id","tag_id") VALUES(202,8);
INSERT INTO "restaurant_tags" ("restaurant_id","tag_id") VALUES(202,4);
INSERT INTO "restaurant_tags" ("restaurant_id","tag_id") VALUES(202,2);
INSERT INTO "restaurant_tags" ("restaurant_id","tag_id") VALUES(204,1);
INSERT INTO "restaurant_tags" ("restaurant_id","tag_id") VALUES(204,8);
INSERT INTO "restaurant_tags" ("restaurant_id","tag_id") VALUES(204,3);
INSERT INTO "restaurant_tags" ("restaurant_id","tag_id") VALUES(204,4);
INSERT INTO "restaurant_tags" ("restaurant_id","tag_id") VALUES(204,2);
INSERT INTO "restaurant_tags" ("restaurant_id","tag_id") VALUES(205,1);
INSERT INTO "restaurant_tags" ("restaurant_id","tag_id") VALUES(205,8);
INSERT INTO "restaurant_tags" ("restaurant_id","tag_id") VALUES(205,4);
INSERT INTO "restaurant_tags" ("restaurant_id","tag_id") VALUES(205,2);
INSERT INTO "restaurant_tags" ("restaurant_id","tag_id") VALUES(207,10);
INSERT INTO "restaurant_tags" ("restaurant_id","tag_id") VALUES(207,8);
INSERT INTO "restaurant_tags" ("restaurant_id","tag_id") VALUES(207,4);
INSERT INTO "restaurant_tags" ("restaurant_id","tag_id") VALUES(208,1);
INSERT INTO "restaurant_tags" ("restaurant_id","tag_id") VALUES(208,8);
INSERT INTO "restaurant_tags" ("restaurant_id","tag_id") VALUES(208,4);
INSERT INTO "restaurant_tags" ("restaurant_id","tag_id") VALUES(208,2);
INSERT INTO "restaurant_tags" ("restaurant_id","tag_id") VALUES(209,2);
INSERT INTO "restaurant_tags" ("restaurant_id","tag_id") VALUES(211,2);
INSERT INTO "restaurant_tags" ("restaurant_id","tag_id") VALUES(212,2);
INSERT INTO "restaurant_tags" ("restaurant_id","tag_id") VALUES(216,10);
INSERT INTO "restaurant_tags" ("restaurant_id","tag_id") VALUES(216,8);
INSERT INTO "restaurant_tags" ("restaurant_id","tag_id") VALUES(216,3);
INSERT INTO "restaurant_tags" ("restaurant_id","tag_id") VALUES(216,4);
INSERT INTO "restaurant_tags" ("restaurant_id","tag_id") VALUES(216,9);
INSERT INTO "restaurant_tags" ("restaurant_id","tag_id") VALUES(224,1);
INSERT INTO "restaurant_tags" ("restaurant_id","tag_id") VALUES(224,8);
INSERT INTO "restaurant_tags" ("restaurant_id","tag_id") VALUES(224,22);
INSERT INTO "restaurant_tags" ("restaurant_id","tag_id") VALUES(224,4);
INSERT INTO "restaurant_tags" ("restaurant_id","tag_id") VALUES(226,10);
INSERT INTO "restaurant_tags" ("restaurant_id","tag_id") VALUES(226,8);
INSERT INTO "restaurant_tags" ("restaurant_id","tag_id") VALUES(226,3);
INSERT INTO "restaurant_tags" ("restaurant_id","tag_id") VALUES(226,4);
INSERT INTO "restaurant_tags" ("restaurant_id","tag_id") VALUES(229,1);
INSERT INTO "restaurant_tags" ("restaurant_id","tag_id") VALUES(229,8);
INSERT INTO "restaurant_tags" ("restaurant_id","tag_id") VALUES(229,4);
INSERT INTO "restaurant_tags" ("restaurant_id","tag_id") VALUES(229,2);
INSERT INTO "restaurant_tags" ("restaurant_id","tag_id") VALUES(232,1);
INSERT INTO "restaurant_tags" ("restaurant_id","tag_id") VALUES(232,8);
INSERT INTO "restaurant_tags" ("restaurant_id","tag_id") VALUES(232,3);
INSERT INTO "restaurant_tags" ("restaurant_id","tag_id") VALUES(232,4);
INSERT INTO "restaurant_tags" ("restaurant_id","tag_id") VALUES(232,2);
INSERT INTO "restaurant_tags" ("restaurant_id","tag_id") VALUES(235,1);
INSERT INTO "restaurant_tags" ("restaurant_id","tag_id") VALUES(235,8);
INSERT INTO "restaurant_tags" ("restaurant_id","tag_id") VALUES(235,3);
INSERT INTO "restaurant_tags" ("restaurant_id","tag_id") VALUES(235,4);
INSERT INTO "restaurant_tags" ("restaurant_id","tag_id") VALUES(235,2);
INSERT INTO "restaurant_tags" ("restaurant_id","tag_id") VALUES(238,10);
INSERT INTO "restaurant_tags" ("restaurant_id","tag_id") VALUES(238,3);
INSERT INTO "restaurant_tags" ("restaurant_id","tag_id") VALUES(238,12);
INSERT INTO "restaurant_tags" ("restaurant_id","tag_id") VALUES(238,9);
INSERT INTO "restaurant_tags" ("restaurant_id","tag_id") VALUES(238,19);
INSERT INTO "restaurant_tags" ("restaurant_id","tag_id") VALUES(4,10);
INSERT INTO "restaurant_tags" ("restaurant_id","tag_id") VALUES(4,8);
INSERT INTO "restaurant_tags" ("restaurant_id","tag_id") VALUES(4,5);
INSERT INTO "restaurant_tags" ("restaurant_id","tag_id") VALUES(4,4);
INSERT INTO "restaurant_tags" ("restaurant_id","tag_id") VALUES(4,15);
INSERT INTO "restaurant_tags" ("restaurant_id","tag_id") VALUES(4,19);
CREATE TABLE standout_items (
  id           INTEGER PRIMARY KEY,
  review_id    INTEGER NOT NULL REFERENCES reviews(id) ON DELETE CASCADE,
  name         TEXT NOT NULL,
  note         TEXT,
  is_standout  INTEGER NOT NULL DEFAULT 0,
  sort_order   INTEGER NOT NULL DEFAULT 0
);
INSERT INTO "standout_items" ("id","review_id","name","note","is_standout","sort_order") VALUES(1,4,'Tonkatsu',NULL,0,0);
INSERT INTO "standout_items" ("id","review_id","name","note","is_standout","sort_order") VALUES(2,4,'Unagi Hitsumabushi',NULL,0,1);
INSERT INTO "standout_items" ("id","review_id","name","note","is_standout","sort_order") VALUES(3,4,'Wagyu',NULL,0,2);
INSERT INTO "standout_items" ("id","review_id","name","note","is_standout","sort_order") VALUES(4,4,'Sakura matcha Tiramisu',NULL,0,3);
INSERT INTO "standout_items" ("id","review_id","name","note","is_standout","sort_order") VALUES(5,5,'Schnitz Bagel',NULL,0,0);
INSERT INTO "standout_items" ("id","review_id","name","note","is_standout","sort_order") VALUES(6,5,'Classic Lox Bagel',NULL,0,1);
INSERT INTO "standout_items" ("id","review_id","name","note","is_standout","sort_order") VALUES(7,6,'Breakfast Platter',NULL,0,0);
INSERT INTO "standout_items" ("id","review_id","name","note","is_standout","sort_order") VALUES(8,6,'American Platter',NULL,0,1);
INSERT INTO "standout_items" ("id","review_id","name","note","is_standout","sort_order") VALUES(9,7,'The Original Pita',NULL,0,0);
INSERT INTO "standout_items" ("id","review_id","name","note","is_standout","sort_order") VALUES(10,7,'Beef Shish',NULL,0,1);
INSERT INTO "standout_items" ("id","review_id","name","note","is_standout","sort_order") VALUES(11,8,'Hainanese Chicken Laksa',NULL,0,0);
INSERT INTO "standout_items" ("id","review_id","name","note","is_standout","sort_order") VALUES(12,8,'Combination Crispy Noodle',NULL,0,1);
INSERT INTO "standout_items" ("id","review_id","name","note","is_standout","sort_order") VALUES(13,9,'Breakfast Burger',NULL,0,0);
INSERT INTO "standout_items" ("id","review_id","name","note","is_standout","sort_order") VALUES(14,9,'Earl’s Burger',NULL,0,1);
INSERT INTO "standout_items" ("id","review_id","name","note","is_standout","sort_order") VALUES(15,9,'The Earl’s Breakfast',NULL,0,2);
INSERT INTO "standout_items" ("id","review_id","name","note","is_standout","sort_order") VALUES(16,9,'Brioche French Toast',NULL,0,3);
INSERT INTO "standout_items" ("id","review_id","name","note","is_standout","sort_order") VALUES(17,10,'Boscaiola',NULL,0,0);
INSERT INTO "standout_items" ("id","review_id","name","note","is_standout","sort_order") VALUES(18,11,'Traditional Baked Dinner',NULL,0,0);
INSERT INTO "standout_items" ("id","review_id","name","note","is_standout","sort_order") VALUES(19,11,'1/2 Chicken',NULL,0,1);
INSERT INTO "standout_items" ("id","review_id","name","note","is_standout","sort_order") VALUES(20,11,'Sweet Potato Wedges',NULL,0,2);
INSERT INTO "standout_items" ("id","review_id","name","note","is_standout","sort_order") VALUES(21,12,'Blame Canada',NULL,0,0);
INSERT INTO "standout_items" ("id","review_id","name","note","is_standout","sort_order") VALUES(22,12,'Mac Daddy',NULL,0,1);
INSERT INTO "standout_items" ("id","review_id","name","note","is_standout","sort_order") VALUES(23,12,'Mr Truffle',NULL,0,2);
INSERT INTO "standout_items" ("id","review_id","name","note","is_standout","sort_order") VALUES(24,13,'Morning Burger',NULL,0,0);
INSERT INTO "standout_items" ("id","review_id","name","note","is_standout","sort_order") VALUES(25,14,'Tonkotsu Black Garlic',NULL,0,0);
INSERT INTO "standout_items" ("id","review_id","name","note","is_standout","sort_order") VALUES(26,15,'The Israeli Breakfast',NULL,0,0);
INSERT INTO "standout_items" ("id","review_id","name","note","is_standout","sort_order") VALUES(27,15,'Bacon and Egg Roll',NULL,0,1);
INSERT INTO "standout_items" ("id","review_id","name","note","is_standout","sort_order") VALUES(28,16,'Cheesy-B',NULL,0,0);
INSERT INTO "standout_items" ("id","review_id","name","note","is_standout","sort_order") VALUES(29,17,'Pork Ribs',NULL,0,0);
INSERT INTO "standout_items" ("id","review_id","name","note","is_standout","sort_order") VALUES(30,18,'Smoked Salmon & Avo',NULL,0,0);
INSERT INTO "standout_items" ("id","review_id","name","note","is_standout","sort_order") VALUES(31,18,'Mushroom & Parmesan Bruschetta',NULL,0,1);
INSERT INTO "standout_items" ("id","review_id","name","note","is_standout","sort_order") VALUES(32,18,'Ricotta Hotcakes',NULL,0,2);
INSERT INTO "standout_items" ("id","review_id","name","note","is_standout","sort_order") VALUES(33,19,'Wagyu Ribeye Steak',NULL,0,0);
INSERT INTO "standout_items" ("id","review_id","name","note","is_standout","sort_order") VALUES(34,19,'Sydney Rock Oysters',NULL,0,1);
INSERT INTO "standout_items" ("id","review_id","name","note","is_standout","sort_order") VALUES(35,19,'Fremantle Octopus Escabeche',NULL,0,2);
INSERT INTO "standout_items" ("id","review_id","name","note","is_standout","sort_order") VALUES(36,19,'Tiramisu',NULL,0,3);
INSERT INTO "standout_items" ("id","review_id","name","note","is_standout","sort_order") VALUES(37,19,'Fries',NULL,0,4);
INSERT INTO "standout_items" ("id","review_id","name","note","is_standout","sort_order") VALUES(38,20,'Cheesegasm Double',NULL,0,0);
INSERT INTO "standout_items" ("id","review_id","name","note","is_standout","sort_order") VALUES(39,20,'Fried Chicken',NULL,0,1);
INSERT INTO "standout_items" ("id","review_id","name","note","is_standout","sort_order") VALUES(40,21,'Tiramisu',NULL,0,0);
INSERT INTO "standout_items" ("id","review_id","name","note","is_standout","sort_order") VALUES(41,21,'Mango',NULL,0,1);
INSERT INTO "standout_items" ("id","review_id","name","note","is_standout","sort_order") VALUES(42,23,'Escargots XO',NULL,0,0);
INSERT INTO "standout_items" ("id","review_id","name","note","is_standout","sort_order") VALUES(43,23,'Prime Beef Tartare',NULL,0,1);
INSERT INTO "standout_items" ("id","review_id","name","note","is_standout","sort_order") VALUES(44,23,'Duck Parfait',NULL,0,2);
INSERT INTO "standout_items" ("id","review_id","name","note","is_standout","sort_order") VALUES(45,23,'Gnocchi Parisienne',NULL,0,3);
INSERT INTO "standout_items" ("id","review_id","name","note","is_standout","sort_order") VALUES(46,23,'Murray Cod à la Hubert',NULL,0,4);
INSERT INTO "standout_items" ("id","review_id","name","note","is_standout","sort_order") VALUES(47,23,'Duck à l’Orange Chateaubriand',NULL,0,5);
INSERT INTO "standout_items" ("id","review_id","name","note","is_standout","sort_order") VALUES(48,23,'Pommes Anna',NULL,0,6);
INSERT INTO "standout_items" ("id","review_id","name","note","is_standout","sort_order") VALUES(49,23,'Mille-Feuille aux Pommes',NULL,0,7);
INSERT INTO "standout_items" ("id","review_id","name","note","is_standout","sort_order") VALUES(50,23,'Crème Caramel',NULL,0,8);
INSERT INTO "standout_items" ("id","review_id","name","note","is_standout","sort_order") VALUES(51,23,'Hubert’s Gâteau au Chocolat',NULL,0,9);
INSERT INTO "standout_items" ("id","review_id","name","note","is_standout","sort_order") VALUES(52,24,'Aburi Salmon',NULL,0,0);
INSERT INTO "standout_items" ("id","review_id","name","note","is_standout","sort_order") VALUES(53,24,'Tamago Nigiri',NULL,0,1);
INSERT INTO "standout_items" ("id","review_id","name","note","is_standout","sort_order") VALUES(54,24,'Softshell Crab Sushi Roll',NULL,0,2);
INSERT INTO "standout_items" ("id","review_id","name","note","is_standout","sort_order") VALUES(55,24,'Inari Sushi',NULL,0,3);
INSERT INTO "standout_items" ("id","review_id","name","note","is_standout","sort_order") VALUES(56,25,'Large Maranello’s Pizza',NULL,0,0);
INSERT INTO "standout_items" ("id","review_id","name","note","is_standout","sort_order") VALUES(57,25,'Spaghetti Con Polpette',NULL,0,1);
INSERT INTO "standout_items" ("id","review_id","name","note","is_standout","sort_order") VALUES(58,26,'Jidori Chicken Shio Ramen',NULL,0,0);
INSERT INTO "standout_items" ("id","review_id","name","note","is_standout","sort_order") VALUES(59,26,'Big Boy Pork Gyoza',NULL,0,1);
INSERT INTO "standout_items" ("id","review_id","name","note","is_standout","sort_order") VALUES(60,27,'2 Whole Peri Peri Chickens + 2 Large Sides (Coleslaw/Sweet Potato Chips)',NULL,0,0);
INSERT INTO "standout_items" ("id","review_id","name","note","is_standout","sort_order") VALUES(61,28,'Pho Dac Biet',NULL,0,0);
INSERT INTO "standout_items" ("id","review_id","name","note","is_standout","sort_order") VALUES(62,29,'Large Family Pack',NULL,0,0);
INSERT INTO "standout_items" ("id","review_id","name","note","is_standout","sort_order") VALUES(63,29,'Deluxe Cheeseburger',NULL,0,1);
INSERT INTO "standout_items" ("id","review_id","name","note","is_standout","sort_order") VALUES(64,29,'Slim’s Original Crispy Chicken',NULL,0,2);
INSERT INTO "standout_items" ("id","review_id","name","note","is_standout","sort_order") VALUES(65,29,'Slim’s Original',NULL,0,3);
INSERT INTO "standout_items" ("id","review_id","name","note","is_standout","sort_order") VALUES(66,30,'Ribby McRibface',NULL,0,0);
INSERT INTO "standout_items" ("id","review_id","name","note","is_standout","sort_order") VALUES(67,30,'2 Meat Platter (Beef Short Rib',NULL,0,1);
INSERT INTO "standout_items" ("id","review_id","name","note","is_standout","sort_order") VALUES(68,30,'Pulled Pork)',NULL,0,2);
INSERT INTO "standout_items" ("id","review_id","name","note","is_standout","sort_order") VALUES(69,30,'Loaded Fries',NULL,0,3);
INSERT INTO "standout_items" ("id","review_id","name","note","is_standout","sort_order") VALUES(70,30,'Sweet Potato Wedges',NULL,0,4);
INSERT INTO "standout_items" ("id","review_id","name","note","is_standout","sort_order") VALUES(71,31,'Mussels & Garlic Prawn with Stir Fried Rice in Squid Ink Sauce',NULL,0,0);
INSERT INTO "standout_items" ("id","review_id","name","note","is_standout","sort_order") VALUES(72,31,'Stir Fried Rice Noodle with Clam Meat in XO Sauce',NULL,0,1);
INSERT INTO "standout_items" ("id","review_id","name","note","is_standout","sort_order") VALUES(73,31,'Beef Spare Ribs with Black Pepper & Japanese Wasabi',NULL,0,2);
INSERT INTO "standout_items" ("id","review_id","name","note","is_standout","sort_order") VALUES(74,31,'Pan Fried Pork Bun',NULL,0,3);
INSERT INTO "standout_items" ("id","review_id","name","note","is_standout","sort_order") VALUES(75,32,'Double Loaded Burger',NULL,0,0);
INSERT INTO "standout_items" ("id","review_id","name","note","is_standout","sort_order") VALUES(76,32,'Chips',NULL,0,1);
INSERT INTO "standout_items" ("id","review_id","name","note","is_standout","sort_order") VALUES(77,33,'Psychedelics Burger',NULL,0,0);
INSERT INTO "standout_items" ("id","review_id","name","note","is_standout","sort_order") VALUES(78,34,'Tomahawk 1.5kg',NULL,0,0);
INSERT INTO "standout_items" ("id","review_id","name","note","is_standout","sort_order") VALUES(79,34,'T-Bone 1.2kg',NULL,0,1);
INSERT INTO "standout_items" ("id","review_id","name","note","is_standout","sort_order") VALUES(80,34,'Oberon Lamb Tartare',NULL,0,2);
INSERT INTO "standout_items" ("id","review_id","name","note","is_standout","sort_order") VALUES(81,34,'Flank Flatbread',NULL,0,3);
INSERT INTO "standout_items" ("id","review_id","name","note","is_standout","sort_order") VALUES(82,34,'Crab & Prawn Cocktail',NULL,0,4);
INSERT INTO "standout_items" ("id","review_id","name","note","is_standout","sort_order") VALUES(83,34,'Octopus Roll',NULL,0,5);
INSERT INTO "standout_items" ("id","review_id","name","note","is_standout","sort_order") VALUES(84,35,'Large Mega Ramen',NULL,0,0);
INSERT INTO "standout_items" ("id","review_id","name","note","is_standout","sort_order") VALUES(85,36,'Bacon & Egg Roll',NULL,0,0);
INSERT INTO "standout_items" ("id","review_id","name","note","is_standout","sort_order") VALUES(86,37,'Watermelon and Vanilla Ice Cream Bingsu',NULL,0,0);
INSERT INTO "standout_items" ("id","review_id","name","note","is_standout","sort_order") VALUES(87,38,'Tournedos Rossini',NULL,0,0);
INSERT INTO "standout_items" ("id","review_id","name","note","is_standout","sort_order") VALUES(88,38,'Escargot De Bourgogne',NULL,0,1);
INSERT INTO "standout_items" ("id","review_id","name","note","is_standout","sort_order") VALUES(89,38,'Paris Breast',NULL,0,2);
INSERT INTO "standout_items" ("id","review_id","name","note","is_standout","sort_order") VALUES(90,39,'Boom Box (OG',NULL,0,0);
INSERT INTO "standout_items" ("id","review_id","name","note","is_standout","sort_order") VALUES(91,39,'Master Spice',NULL,0,1);
INSERT INTO "standout_items" ("id","review_id","name","note","is_standout","sort_order") VALUES(92,39,'BLTC',NULL,0,2);
INSERT INTO "standout_items" ("id","review_id","name","note","is_standout","sort_order") VALUES(93,39,'Biggie Shroom)',NULL,0,3);
INSERT INTO "standout_items" ("id","review_id","name","note","is_standout","sort_order") VALUES(94,39,'Poutine',NULL,0,4);
INSERT INTO "standout_items" ("id","review_id","name","note","is_standout","sort_order") VALUES(95,39,'Fried Chicken & Donut',NULL,0,5);
INSERT INTO "standout_items" ("id","review_id","name","note","is_standout","sort_order") VALUES(96,40,'Feast Menu',NULL,0,0);
INSERT INTO "standout_items" ("id","review_id","name","note","is_standout","sort_order") VALUES(97,41,'Softshell Crab Sushi Roll',NULL,0,0);
INSERT INTO "standout_items" ("id","review_id","name","note","is_standout","sort_order") VALUES(98,41,'Agedashi Tofu',NULL,0,1);
INSERT INTO "standout_items" ("id","review_id","name","note","is_standout","sort_order") VALUES(99,43,'Wok Fried Clam',NULL,0,0);
INSERT INTO "standout_items" ("id","review_id","name","note","is_standout","sort_order") VALUES(100,43,'Kung Pao Chicken',NULL,0,1);
INSERT INTO "standout_items" ("id","review_id","name","note","is_standout","sort_order") VALUES(101,43,'Soft Shell Crab',NULL,0,2);
INSERT INTO "standout_items" ("id","review_id","name","note","is_standout","sort_order") VALUES(102,43,'Pork & Chive Dumplings',NULL,0,3);
INSERT INTO "standout_items" ("id","review_id","name","note","is_standout","sort_order") VALUES(103,44,'Family Meal',NULL,0,0);
INSERT INTO "standout_items" ("id","review_id","name","note","is_standout","sort_order") VALUES(104,45,'Bubbly Iced Mocha',NULL,0,0);
INSERT INTO "standout_items" ("id","review_id","name","note","is_standout","sort_order") VALUES(105,45,'Scrambled Egg & Toast',NULL,0,1);
INSERT INTO "standout_items" ("id","review_id","name","note","is_standout","sort_order") VALUES(106,45,'Wagyu Pastrami Bagel. Fried Chicken Burger',NULL,0,2);
INSERT INTO "standout_items" ("id","review_id","name","note","is_standout","sort_order") VALUES(107,46,'The Business Combo',NULL,0,0);
INSERT INTO "standout_items" ("id","review_id","name","note","is_standout","sort_order") VALUES(108,48,'Beast (Pork Belly)',NULL,0,0);
INSERT INTO "standout_items" ("id","review_id","name","note","is_standout","sort_order") VALUES(109,48,'Bird (Whole)',NULL,0,1);
INSERT INTO "standout_items" ("id","review_id","name","note","is_standout","sort_order") VALUES(110,48,'Fish',NULL,0,2);
INSERT INTO "standout_items" ("id","review_id","name","note","is_standout","sort_order") VALUES(111,48,'Beast (Beef)',NULL,0,3);
INSERT INTO "standout_items" ("id","review_id","name","note","is_standout","sort_order") VALUES(112,48,'Boar (Special)',NULL,0,4);
INSERT INTO "standout_items" ("id","review_id","name","note","is_standout","sort_order") VALUES(113,48,'Roast Bone Marrow',NULL,0,5);
INSERT INTO "standout_items" ("id","review_id","name","note","is_standout","sort_order") VALUES(114,48,'Crispy Broccoli',NULL,0,6);
INSERT INTO "standout_items" ("id","review_id","name","note","is_standout","sort_order") VALUES(115,49,'Pate Maison',NULL,0,0);
INSERT INTO "standout_items" ("id","review_id","name","note","is_standout","sort_order") VALUES(116,49,'Fillet of Beef Tenderloin',NULL,0,1);
INSERT INTO "standout_items" ("id","review_id","name","note","is_standout","sort_order") VALUES(117,49,'Warm Sticky Date Pudding',NULL,0,2);
INSERT INTO "standout_items" ("id","review_id","name","note","is_standout","sort_order") VALUES(118,49,'Handmade Profiterole',NULL,0,3);
INSERT INTO "standout_items" ("id","review_id","name","note","is_standout","sort_order") VALUES(119,52,'Peking Duck Roti',NULL,0,0);
INSERT INTO "standout_items" ("id","review_id","name","note","is_standout","sort_order") VALUES(120,54,'Pork Knuckle',NULL,0,0);
INSERT INTO "standout_items" ("id","review_id","name","note","is_standout","sort_order") VALUES(121,55,'Mango Bingsu',NULL,0,0);
INSERT INTO "standout_items" ("id","review_id","name","note","is_standout","sort_order") VALUES(122,55,'Melon Bingsu',NULL,0,1);
INSERT INTO "standout_items" ("id","review_id","name","note","is_standout","sort_order") VALUES(123,56,'AYCE Buffet',NULL,0,0);
INSERT INTO "standout_items" ("id","review_id","name","note","is_standout","sort_order") VALUES(124,57,'AYCE Buffet',NULL,0,0);
INSERT INTO "standout_items" ("id","review_id","name","note","is_standout","sort_order") VALUES(125,58,'Grilled Chilli Prawn Pizza',NULL,0,0);
INSERT INTO "standout_items" ("id","review_id","name","note","is_standout","sort_order") VALUES(126,58,'Chargrilled Lamb Pizza',NULL,0,1);
INSERT INTO "standout_items" ("id","review_id","name","note","is_standout","sort_order") VALUES(127,58,'Classic Supreme Pizza',NULL,0,2);
INSERT INTO "standout_items" ("id","review_id","name","note","is_standout","sort_order") VALUES(128,59,'Vietnamese Tapas Buffet',NULL,0,0);
INSERT INTO "standout_items" ("id","review_id","name","note","is_standout","sort_order") VALUES(129,60,'Mango Sticky Rice',NULL,0,0);
INSERT INTO "standout_items" ("id","review_id","name","note","is_standout","sort_order") VALUES(130,60,'Thai Bingsu',NULL,0,1);
INSERT INTO "standout_items" ("id","review_id","name","note","is_standout","sort_order") VALUES(131,65,'BBQ Pork Roll',NULL,0,0);
INSERT INTO "standout_items" ("id","review_id","name","note","is_standout","sort_order") VALUES(132,65,'Pork Roll',NULL,0,1);
INSERT INTO "standout_items" ("id","review_id","name","note","is_standout","sort_order") VALUES(133,66,'BBQ Pork Roll',NULL,0,0);
INSERT INTO "standout_items" ("id","review_id","name","note","is_standout","sort_order") VALUES(134,70,'Chicken Laksa',NULL,0,0);
INSERT INTO "standout_items" ("id","review_id","name","note","is_standout","sort_order") VALUES(135,72,'Yum Cha',NULL,0,0);
INSERT INTO "standout_items" ("id","review_id","name","note","is_standout","sort_order") VALUES(136,74,'Spaghetti Marinara',NULL,0,0);
INSERT INTO "standout_items" ("id","review_id","name","note","is_standout","sort_order") VALUES(137,74,'Burrata',NULL,0,1);
INSERT INTO "standout_items" ("id","review_id","name","note","is_standout","sort_order") VALUES(138,74,'Pane e olio',NULL,0,2);
INSERT INTO "standout_items" ("id","review_id","name","note","is_standout","sort_order") VALUES(139,76,'Torotoro special',NULL,0,0);
INSERT INTO "standout_items" ("id","review_id","name","note","is_standout","sort_order") VALUES(140,77,'~300g of steak pp',NULL,0,0);
INSERT INTO "standout_items" ("id","review_id","name","note","is_standout","sort_order") VALUES(141,77,'potatoes',NULL,0,1);
INSERT INTO "standout_items" ("id","review_id","name","note","is_standout","sort_order") VALUES(142,80,'AYCE Buffet',NULL,0,0);
INSERT INTO "standout_items" ("id","review_id","name","note","is_standout","sort_order") VALUES(143,82,'Chix & Waffles',NULL,0,0);
INSERT INTO "standout_items" ("id","review_id","name","note","is_standout","sort_order") VALUES(144,83,'Double Fried Chicken Sandwich ($20)',NULL,0,0);
INSERT INTO "standout_items" ("id","review_id","name","note","is_standout","sort_order") VALUES(145,83,'Triple Cracker Burger ($20)',NULL,0,1);
INSERT INTO "standout_items" ("id","review_id","name","note","is_standout","sort_order") VALUES(146,83,'Cheesy Loaded Fries ($15)',NULL,0,2);
INSERT INTO "standout_items" ("id","review_id","name","note","is_standout","sort_order") VALUES(147,85,'Breakfeast Deluxe',NULL,0,0);
INSERT INTO "standout_items" ("id","review_id","name","note","is_standout","sort_order") VALUES(148,86,'Banquet',NULL,0,0);
INSERT INTO "standout_items" ("id","review_id","name","note","is_standout","sort_order") VALUES(149,88,'Poke Bowl / Sandos',NULL,0,0);
INSERT INTO "standout_items" ("id","review_id","name","note","is_standout","sort_order") VALUES(150,90,'Carbonara',NULL,0,0);
INSERT INTO "standout_items" ("id","review_id","name","note","is_standout","sort_order") VALUES(151,90,'Tripe',NULL,0,1);
INSERT INTO "standout_items" ("id","review_id","name","note","is_standout","sort_order") VALUES(152,92,'Banquet Menu',NULL,0,0);
INSERT INTO "standout_items" ("id","review_id","name","note","is_standout","sort_order") VALUES(153,96,'Bistecca',NULL,0,0);
INSERT INTO "standout_items" ("id","review_id","name","note","is_standout","sort_order") VALUES(154,96,'Wagyu Parpadelle',NULL,0,1);
INSERT INTO "standout_items" ("id","review_id","name","note","is_standout","sort_order") VALUES(155,98,'Macro Bowl (Grilled Chicken)',NULL,0,0);
INSERT INTO "standout_items" ("id","review_id","name","note","is_standout","sort_order") VALUES(156,98,'Prawn Linguini',NULL,0,1);
INSERT INTO "standout_items" ("id","review_id","name","note","is_standout","sort_order") VALUES(157,100,'Snails',NULL,0,0);
INSERT INTO "standout_items" ("id","review_id","name","note","is_standout","sort_order") VALUES(158,100,'Duck Frites',NULL,0,1);
INSERT INTO "standout_items" ("id","review_id","name","note","is_standout","sort_order") VALUES(159,105,'Prawn Wonton Taco',NULL,0,0);
INSERT INTO "standout_items" ("id","review_id","name","note","is_standout","sort_order") VALUES(160,105,'Crab Fried Rice',NULL,0,1);
INSERT INTO "standout_items" ("id","review_id","name","note","is_standout","sort_order") VALUES(161,113,'Set Menu',NULL,0,0);
INSERT INTO "standout_items" ("id","review_id","name","note","is_standout","sort_order") VALUES(162,114,'Steak Frittes',NULL,0,0);
INSERT INTO "standout_items" ("id","review_id","name","note","is_standout","sort_order") VALUES(163,114,'Crepe Suzette',NULL,0,1);
INSERT INTO "standout_items" ("id","review_id","name","note","is_standout","sort_order") VALUES(164,118,'Flatbread',NULL,0,0);
INSERT INTO "standout_items" ("id","review_id","name","note","is_standout","sort_order") VALUES(165,118,'Rigatoni Ragu',NULL,0,1);
INSERT INTO "standout_items" ("id","review_id","name","note","is_standout","sort_order") VALUES(166,122,'Salted caramel french toast with passionfruit gelato',NULL,0,0);
CREATE TABLE photos (
  id         INTEGER PRIMARY KEY,
  review_id  INTEGER NOT NULL REFERENCES reviews(id) ON DELETE CASCADE,
  r2_key     TEXT NOT NULL,
  alt        TEXT,
  width      INTEGER,
  height     INTEGER,
  sort_order INTEGER NOT NULL DEFAULT 0,
  is_cover   INTEGER NOT NULL DEFAULT 0
);
INSERT INTO "photos" ("id","review_id","r2_key","alt","width","height","sort_order","is_cover") VALUES(1,3,'reviews/3/9461c362-b2aa-4836-b60e-1ec2b262e6e5.jpg',NULL,1500,2000,0,1);
INSERT INTO "photos" ("id","review_id","r2_key","alt","width","height","sort_order","is_cover") VALUES(2,3,'reviews/3/66d3a3de-a76e-4e73-90af-4a21673e4eaa.jpg',NULL,1500,2000,1,0);
INSERT INTO "photos" ("id","review_id","r2_key","alt","width","height","sort_order","is_cover") VALUES(3,3,'reviews/3/05dde1ac-539c-48ae-a13f-2d9a9bba2fe0.jpg',NULL,1500,2000,2,0);
INSERT INTO "photos" ("id","review_id","r2_key","alt","width","height","sort_order","is_cover") VALUES(4,3,'reviews/3/70deb5c7-44bc-4577-94b1-c0faf15e5819.jpg',NULL,1500,2000,3,0);
INSERT INTO "photos" ("id","review_id","r2_key","alt","width","height","sort_order","is_cover") VALUES(5,3,'reviews/3/dd53e724-2570-4816-8ba4-046139a08efa.jpg',NULL,1500,2000,4,0);
INSERT INTO "photos" ("id","review_id","r2_key","alt","width","height","sort_order","is_cover") VALUES(6,3,'reviews/3/56246035-599d-47b2-b3a2-febdcdd208d4.jpg',NULL,1500,2000,5,0);
CREATE TABLE cuisine_suggestions (
  name TEXT PRIMARY KEY
);
INSERT INTO "cuisine_suggestions" ("name") VALUES('Modern Australian');
INSERT INTO "cuisine_suggestions" ("name") VALUES('Japanese');
INSERT INTO "cuisine_suggestions" ("name") VALUES('Sushi');
INSERT INTO "cuisine_suggestions" ("name") VALUES('Ramen');
INSERT INTO "cuisine_suggestions" ("name") VALUES('Izakaya');
INSERT INTO "cuisine_suggestions" ("name") VALUES('Yakitori');
INSERT INTO "cuisine_suggestions" ("name") VALUES('Chinese');
INSERT INTO "cuisine_suggestions" ("name") VALUES('Cantonese');
INSERT INTO "cuisine_suggestions" ("name") VALUES('Sichuan');
INSERT INTO "cuisine_suggestions" ("name") VALUES('Hot Pot');
INSERT INTO "cuisine_suggestions" ("name") VALUES('Dim Sum');
INSERT INTO "cuisine_suggestions" ("name") VALUES('Dumplings');
INSERT INTO "cuisine_suggestions" ("name") VALUES('Korean');
INSERT INTO "cuisine_suggestions" ("name") VALUES('Korean BBQ');
INSERT INTO "cuisine_suggestions" ("name") VALUES('Thai');
INSERT INTO "cuisine_suggestions" ("name") VALUES('Vietnamese');
INSERT INTO "cuisine_suggestions" ("name") VALUES('Pho');
INSERT INTO "cuisine_suggestions" ("name") VALUES('Bánh Mì');
INSERT INTO "cuisine_suggestions" ("name") VALUES('Malaysian');
INSERT INTO "cuisine_suggestions" ("name") VALUES('Singaporean');
INSERT INTO "cuisine_suggestions" ("name") VALUES('Indonesian');
INSERT INTO "cuisine_suggestions" ("name") VALUES('Filipino');
INSERT INTO "cuisine_suggestions" ("name") VALUES('Indian');
INSERT INTO "cuisine_suggestions" ("name") VALUES('North Indian');
INSERT INTO "cuisine_suggestions" ("name") VALUES('South Indian');
INSERT INTO "cuisine_suggestions" ("name") VALUES('Sri Lankan');
INSERT INTO "cuisine_suggestions" ("name") VALUES('Italian');
INSERT INTO "cuisine_suggestions" ("name") VALUES('Pizza');
INSERT INTO "cuisine_suggestions" ("name") VALUES('Pasta');
INSERT INTO "cuisine_suggestions" ("name") VALUES('French');
INSERT INTO "cuisine_suggestions" ("name") VALUES('Bistro');
INSERT INTO "cuisine_suggestions" ("name") VALUES('Bakery');
INSERT INTO "cuisine_suggestions" ("name") VALUES('Pâtisserie');
INSERT INTO "cuisine_suggestions" ("name") VALUES('Spanish');
INSERT INTO "cuisine_suggestions" ("name") VALUES('Tapas');
INSERT INTO "cuisine_suggestions" ("name") VALUES('Greek');
INSERT INTO "cuisine_suggestions" ("name") VALUES('Turkish');
INSERT INTO "cuisine_suggestions" ("name") VALUES('Middle Eastern');
INSERT INTO "cuisine_suggestions" ("name") VALUES('Lebanese');
INSERT INTO "cuisine_suggestions" ("name") VALUES('Mexican');
INSERT INTO "cuisine_suggestions" ("name") VALUES('Latin American');
INSERT INTO "cuisine_suggestions" ("name") VALUES('American');
INSERT INTO "cuisine_suggestions" ("name") VALUES('Burgers');
INSERT INTO "cuisine_suggestions" ("name") VALUES('BBQ');
INSERT INTO "cuisine_suggestions" ("name") VALUES('Diner');
INSERT INTO "cuisine_suggestions" ("name") VALUES('Seafood');
INSERT INTO "cuisine_suggestions" ("name") VALUES('Steakhouse');
INSERT INTO "cuisine_suggestions" ("name") VALUES('Pub');
INSERT INTO "cuisine_suggestions" ("name") VALUES('Gastropub');
INSERT INTO "cuisine_suggestions" ("name") VALUES('Cafe');
INSERT INTO "cuisine_suggestions" ("name") VALUES('Brunch');
INSERT INTO "cuisine_suggestions" ("name") VALUES('Breakfast');
INSERT INTO "cuisine_suggestions" ("name") VALUES('Dessert');
INSERT INTO "cuisine_suggestions" ("name") VALUES('Ice Cream');
INSERT INTO "cuisine_suggestions" ("name") VALUES('Gelato');
INSERT INTO "cuisine_suggestions" ("name") VALUES('Vegan');
INSERT INTO "cuisine_suggestions" ("name") VALUES('Vegetarian');
INSERT INTO "cuisine_suggestions" ("name") VALUES('Fusion');
INSERT INTO "cuisine_suggestions" ("name") VALUES('Contemporary');
INSERT INTO "cuisine_suggestions" ("name") VALUES('Wine Bar');
INSERT INTO "cuisine_suggestions" ("name") VALUES('Cocktail Bar');
INSERT INTO "cuisine_suggestions" ("name") VALUES('African');
INSERT INTO "cuisine_suggestions" ("name") VALUES('Ethiopian');
CREATE TABLE IF NOT EXISTS "reviews" (
  id              INTEGER PRIMARY KEY,
  restaurant_id   INTEGER NOT NULL REFERENCES restaurants(id) ON DELETE CASCADE,
  slug            TEXT NOT NULL UNIQUE,
  visit_date      TEXT,
  meal_type       TEXT,
  rating_overall  REAL NOT NULL,
  rating_food     REAL,
  rating_vibe     REAL,
  rating_service  REAL,
  rating_value    REAL,
  rating_size     REAL,
  commentary      TEXT,
  would_return    INTEGER NOT NULL,
  instagram_url   TEXT,
  status          TEXT NOT NULL DEFAULT 'published'
                    CHECK(status IN ('draft','published')),
  created_at      INTEGER NOT NULL DEFAULT (unixepoch()),
  updated_at      INTEGER NOT NULL DEFAULT (unixepoch())
);
INSERT INTO "reviews" ("id","restaurant_id","slug","visit_date","meal_type","rating_overall","rating_food","rating_vibe","rating_service","rating_value","rating_size","commentary","would_return","instagram_url","status","created_at","updated_at") VALUES(3,4,'lu-s-deli-2026-04-17','2026-04-17','dinner',7.5,7.5,8,10,8,7.5,'Nice atmosphere, but quite loud. The staff are the most friendliest bunch. It’s family run so they really care about their customers and experience. The deli they have for lunch is also fantastic.',1,NULL,'published',1777029092,1777204948);
INSERT INTO "reviews" ("id","restaurant_id","slug","visit_date","meal_type","rating_overall","rating_food","rating_vibe","rating_service","rating_value","rating_size","commentary","would_return","instagram_url","status","created_at","updated_at") VALUES(4,6,'juan-bowl-tea-undated',NULL,'dinner',9,NULL,NULL,NULL,NULL,8,NULL,1,'https://www.instagram.com/p/CQf63tEn_Mx/?utm_source=ig_web_copy_link','published',1777089289,1777089289);
INSERT INTO "reviews" ("id","restaurant_id","slug","visit_date","meal_type","rating_overall","rating_food","rating_vibe","rating_service","rating_value","rating_size","commentary","would_return","instagram_url","status","created_at","updated_at") VALUES(5,7,'lox-in-a-box-undated',NULL,'breakfast',8,NULL,NULL,NULL,NULL,7,NULL,1,'https://www.instagram.com/p/CMZFT7unEzb/?utm_source=ig_web_copy_link','published',1777089289,1777089289);
INSERT INTO "reviews" ("id","restaurant_id","slug","visit_date","meal_type","rating_overall","rating_food","rating_vibe","rating_service","rating_value","rating_size","commentary","would_return","instagram_url","status","created_at","updated_at") VALUES(6,8,'platform-eighty-two-undated',NULL,'brunch',7,NULL,NULL,NULL,NULL,10,NULL,1,'https://www.instagram.com/p/CMRYeJWswFH/?utm_source=ig_web_copy_link','published',1777089289,1777089289);
INSERT INTO "reviews" ("id","restaurant_id","slug","visit_date","meal_type","rating_overall","rating_food","rating_vibe","rating_service","rating_value","rating_size","commentary","would_return","instagram_url","status","created_at","updated_at") VALUES(7,9,'jimmy-s-falafel-undated',NULL,'dinner',8,NULL,NULL,NULL,NULL,8,NULL,1,'https://www.instagram.com/p/CNb1Y6Un_4-/?utm_source=ig_web_copy_link','published',1777089289,1777089289);
INSERT INTO "reviews" ("id","restaurant_id","slug","visit_date","meal_type","rating_overall","rating_food","rating_vibe","rating_service","rating_value","rating_size","commentary","would_return","instagram_url","status","created_at","updated_at") VALUES(8,10,'albee-s-kitchen-undated',NULL,'dinner',8,NULL,NULL,NULL,NULL,9,NULL,1,'https://www.instagram.com/p/CNFCwpYHxI1/?utm_source=ig_web_copy_link','published',1777089289,1777089289);
INSERT INTO "reviews" ("id","restaurant_id","slug","visit_date","meal_type","rating_overall","rating_food","rating_vibe","rating_service","rating_value","rating_size","commentary","would_return","instagram_url","status","created_at","updated_at") VALUES(9,11,'5th-earl-undated',NULL,'breakfast',9,NULL,NULL,NULL,NULL,9,NULL,1,'https://www.instagram.com/p/CM1fit9HjZ3/?utm_source=ig_web_copy_link','published',1777089289,1777089289);
INSERT INTO "reviews" ("id","restaurant_id","slug","visit_date","meal_type","rating_overall","rating_food","rating_vibe","rating_service","rating_value","rating_size","commentary","would_return","instagram_url","status","created_at","updated_at") VALUES(10,12,'the-italian-bowl-undated',NULL,'dinner',8,NULL,NULL,NULL,NULL,9,NULL,1,'https://www.instagram.com/p/CM9XiaCnBY4/?utm_source=ig_web_copy_link','published',1777089289,1777089289);
INSERT INTO "reviews" ("id","restaurant_id","slug","visit_date","meal_type","rating_overall","rating_food","rating_vibe","rating_service","rating_value","rating_size","commentary","would_return","instagram_url","status","created_at","updated_at") VALUES(11,13,'chargrill-charlie-s-undated',NULL,'dinner',8,NULL,NULL,NULL,NULL,9,NULL,1,'https://www.instagram.com/p/CN4X_xjHTWD/?utm_source=ig_web_copy_link','published',1777089289,1777089289);
INSERT INTO "reviews" ("id","restaurant_id","slug","visit_date","meal_type","rating_overall","rating_food","rating_vibe","rating_service","rating_value","rating_size","commentary","would_return","instagram_url","status","created_at","updated_at") VALUES(12,14,'bar-luca-undated',NULL,'dinner',10,NULL,NULL,NULL,NULL,10,NULL,1,'https://www.instagram.com/p/COKhjRpHLYP/?utm_source=ig_web_copy_link','published',1777089289,1777089289);
INSERT INTO "reviews" ("id","restaurant_id","slug","visit_date","meal_type","rating_overall","rating_food","rating_vibe","rating_service","rating_value","rating_size","commentary","would_return","instagram_url","status","created_at","updated_at") VALUES(13,15,'terra-cotta-roasters-undated',NULL,'breakfast',8,NULL,NULL,NULL,NULL,7,NULL,1,'https://www.instagram.com/p/COpcU3bNZgt/?utm_source=ig_web_copy_link','published',1777089289,1777089289);
INSERT INTO "reviews" ("id","restaurant_id","slug","visit_date","meal_type","rating_overall","rating_food","rating_vibe","rating_service","rating_value","rating_size","commentary","would_return","instagram_url","status","created_at","updated_at") VALUES(14,16,'rara-ramen-undated',NULL,'dinner',9,NULL,NULL,NULL,NULL,9,NULL,1,'https://www.instagram.com/p/COhfpV1nOd3/?utm_source=ig_web_copy_link','published',1777089289,1777089289);
INSERT INTO "reviews" ("id","restaurant_id","slug","visit_date","meal_type","rating_overall","rating_food","rating_vibe","rating_service","rating_value","rating_size","commentary","would_return","instagram_url","status","created_at","updated_at") VALUES(15,17,'shuk-undated',NULL,'breakfast',9,NULL,NULL,NULL,NULL,9,NULL,1,'https://www.instagram.com/p/CNmpEyMHYrA/?utm_source=ig_web_copy_link','published',1777089289,1777089289);
INSERT INTO "reviews" ("id","restaurant_id","slug","visit_date","meal_type","rating_overall","rating_food","rating_vibe","rating_service","rating_value","rating_size","commentary","would_return","instagram_url","status","created_at","updated_at") VALUES(16,18,'johnny-bird-undated',NULL,'dinner',8,NULL,NULL,NULL,NULL,7,NULL,1,'https://www.instagram.com/p/CPe3H-6t8st/?utm_source=ig_web_copy_link','published',1777089289,1777089289);
INSERT INTO "reviews" ("id","restaurant_id","slug","visit_date","meal_type","rating_overall","rating_food","rating_vibe","rating_service","rating_value","rating_size","commentary","would_return","instagram_url","status","created_at","updated_at") VALUES(17,20,'hurricanes-grill-undated',NULL,'dinner',9,NULL,NULL,NULL,NULL,10,NULL,1,'https://www.instagram.com/p/CPAvmpdHgv_/?utm_source=ig_web_copy_link','published',1777089289,1777089289);
INSERT INTO "reviews" ("id","restaurant_id","slug","visit_date","meal_type","rating_overall","rating_food","rating_vibe","rating_service","rating_value","rating_size","commentary","would_return","instagram_url","status","created_at","updated_at") VALUES(18,21,'social-brew-cafe-undated',NULL,'breakfast',8,NULL,NULL,NULL,NULL,8,NULL,1,'https://www.instagram.com/p/CQQRC-FtvXy/?utm_source=ig_web_copy_link','published',1777089289,1777089289);
INSERT INTO "reviews" ("id","restaurant_id","slug","visit_date","meal_type","rating_overall","rating_food","rating_vibe","rating_service","rating_value","rating_size","commentary","would_return","instagram_url","status","created_at","updated_at") VALUES(19,22,'cedric-s-undated',NULL,'breakfast',8,NULL,NULL,NULL,NULL,8,NULL,1,'https://www.instagram.com/p/CWFqiRLvym5/?utm_source=ig_web_copy_link','published',1777089289,1777089289);
INSERT INTO "reviews" ("id","restaurant_id","slug","visit_date","meal_type","rating_overall","rating_food","rating_vibe","rating_service","rating_value","rating_size","commentary","would_return","instagram_url","status","created_at","updated_at") VALUES(20,25,'burger-10-undated',NULL,'dinner',6,NULL,NULL,NULL,NULL,7,NULL,1,'https://www.instagram.com/p/CaBwNn5PjVY/?utm_source=ig_web_copy_link','published',1777089289,1777089289);
INSERT INTO "reviews" ("id","restaurant_id","slug","visit_date","meal_type","rating_overall","rating_food","rating_vibe","rating_service","rating_value","rating_size","commentary","would_return","instagram_url","status","created_at","updated_at") VALUES(21,26,'messina-undated',NULL,'dessert',9,NULL,NULL,NULL,NULL,7,NULL,1,NULL,'published',1777089289,1777089289);
INSERT INTO "reviews" ("id","restaurant_id","slug","visit_date","meal_type","rating_overall","rating_food","rating_vibe","rating_service","rating_value","rating_size","commentary","would_return","instagram_url","status","created_at","updated_at") VALUES(22,27,'lumi-dining-undated',NULL,'dinner',10,NULL,NULL,NULL,NULL,6,NULL,1,NULL,'published',1777089289,1777089289);
INSERT INTO "reviews" ("id","restaurant_id","slug","visit_date","meal_type","rating_overall","rating_food","rating_vibe","rating_service","rating_value","rating_size","commentary","would_return","instagram_url","status","created_at","updated_at") VALUES(23,28,'hubert-undated',NULL,'dinner',9,NULL,NULL,NULL,NULL,7,NULL,1,'https://www.instagram.com/p/CbmnrXVvwvG/?utm_source=ig_web_copy_link','published',1777089289,1777089289);
INSERT INTO "reviews" ("id","restaurant_id","slug","visit_date","meal_type","rating_overall","rating_food","rating_vibe","rating_service","rating_value","rating_size","commentary","would_return","instagram_url","status","created_at","updated_at") VALUES(24,29,'sushi-tengoku-undated',NULL,'dinner',9,NULL,NULL,NULL,NULL,9,NULL,1,'https://www.instagram.com/p/CaHFN0sv2hg/?utm_source=ig_web_copy_link','published',1777089289,1777089289);
INSERT INTO "reviews" ("id","restaurant_id","slug","visit_date","meal_type","rating_overall","rating_food","rating_vibe","rating_service","rating_value","rating_size","commentary","would_return","instagram_url","status","created_at","updated_at") VALUES(25,30,'maranello-s-undated',NULL,'dinner',8,NULL,NULL,NULL,NULL,9,NULL,1,'https://www.instagram.com/p/CZ1Ki_wPNOW/?utm_source=ig_web_copy_link','published',1777089289,1777089289);
INSERT INTO "reviews" ("id","restaurant_id","slug","visit_date","meal_type","rating_overall","rating_food","rating_vibe","rating_service","rating_value","rating_size","commentary","would_return","instagram_url","status","created_at","updated_at") VALUES(26,32,'sekka-dining-undated',NULL,'dinner',9,NULL,NULL,NULL,NULL,8,NULL,1,'https://www.instagram.com/p/CZqob21PYDn/?utm_source=ig_web_copy_link','published',1777089289,1777089289);
INSERT INTO "reviews" ("id","restaurant_id","slug","visit_date","meal_type","rating_overall","rating_food","rating_vibe","rating_service","rating_value","rating_size","commentary","would_return","instagram_url","status","created_at","updated_at") VALUES(27,33,'nandos-undated',NULL,'dinner',9,NULL,NULL,NULL,NULL,8,NULL,1,'https://www.instagram.com/p/CZtddDNvvmI/?utm_source=ig_web_copy_link','published',1777089289,1777089289);
INSERT INTO "reviews" ("id","restaurant_id","slug","visit_date","meal_type","rating_overall","rating_food","rating_vibe","rating_service","rating_value","rating_size","commentary","would_return","instagram_url","status","created_at","updated_at") VALUES(28,34,'pho-an-undated',NULL,'dinner',8,NULL,NULL,NULL,NULL,9,NULL,1,'https://www.instagram.com/p/CXa1m3zgTHN/?utm_source=ig_web_copy_link','published',1777089289,1777089289);
INSERT INTO "reviews" ("id","restaurant_id","slug","visit_date","meal_type","rating_overall","rating_food","rating_vibe","rating_service","rating_value","rating_size","commentary","would_return","instagram_url","status","created_at","updated_at") VALUES(29,35,'slim-s-quality-burger-undated',NULL,'dinner',7,NULL,NULL,NULL,NULL,6,NULL,1,'https://www.instagram.com/p/CYs7DShP9lh/?utm_source=ig_web_copy_link','published',1777089289,1777089289);
INSERT INTO "reviews" ("id","restaurant_id","slug","visit_date","meal_type","rating_overall","rating_food","rating_vibe","rating_service","rating_value","rating_size","commentary","would_return","instagram_url","status","created_at","updated_at") VALUES(30,36,'smokey-sue-s-undated',NULL,'dinner',8,NULL,NULL,NULL,NULL,10,NULL,1,'https://www.instagram.com/p/CWnQ7RQvnbR/?utm_source=ig_web_copy_link','published',1777089289,1777089289);
INSERT INTO "reviews" ("id","restaurant_id","slug","visit_date","meal_type","rating_overall","rating_food","rating_vibe","rating_service","rating_value","rating_size","commentary","would_return","instagram_url","status","created_at","updated_at") VALUES(31,37,'mr-stonepot-undated',NULL,'dinner',9,NULL,NULL,NULL,NULL,9,NULL,1,'https://www.instagram.com/p/CW5XTzMv8cx/?utm_source=ig_web_copy_link','published',1777089289,1777089289);
INSERT INTO "reviews" ("id","restaurant_id","slug","visit_date","meal_type","rating_overall","rating_food","rating_vibe","rating_service","rating_value","rating_size","commentary","would_return","instagram_url","status","created_at","updated_at") VALUES(32,38,'ribs-burgers-undated',NULL,'dinner',8,NULL,NULL,NULL,NULL,9,NULL,1,'https://www.instagram.com/p/CWMs6SXP9oA/?utm_source=ig_web_copy_link','published',1777089289,1777089289);
INSERT INTO "reviews" ("id","restaurant_id","slug","visit_date","meal_type","rating_overall","rating_food","rating_vibe","rating_service","rating_value","rating_size","commentary","would_return","instagram_url","status","created_at","updated_at") VALUES(33,39,'happy-ending-burger-undated',NULL,'dinner',7,NULL,NULL,NULL,NULL,7,NULL,1,'https://www.instagram.com/p/CVxJ6EDPENc/?utm_source=ig_web_copy_link','published',1777089289,1777089289);
INSERT INTO "reviews" ("id","restaurant_id","slug","visit_date","meal_type","rating_overall","rating_food","rating_vibe","rating_service","rating_value","rating_size","commentary","would_return","instagram_url","status","created_at","updated_at") VALUES(34,40,'6head-undated',NULL,'dinner',10,NULL,NULL,NULL,NULL,10,NULL,1,'https://www.instagram.com/p/CVkZjmDvgIU/?utm_source=ig_web_copy_link','published',1777089289,1777089289);
INSERT INTO "reviews" ("id","restaurant_id","slug","visit_date","meal_type","rating_overall","rating_food","rating_vibe","rating_service","rating_value","rating_size","commentary","would_return","instagram_url","status","created_at","updated_at") VALUES(35,41,'gumshara-ramen-undated',NULL,'dinner',8,NULL,NULL,NULL,NULL,9,NULL,1,'https://www.instagram.com/p/CVcdkk4PDme/?utm_source=ig_web_copy_link','published',1777089289,1777089289);
INSERT INTO "reviews" ("id","restaurant_id","slug","visit_date","meal_type","rating_overall","rating_food","rating_vibe","rating_service","rating_value","rating_size","commentary","would_return","instagram_url","status","created_at","updated_at") VALUES(36,42,'bake-bar-undated',NULL,'breakfast',8,NULL,NULL,NULL,NULL,6,NULL,1,'https://www.instagram.com/p/CVPrqaLPMM8/?utm_source=ig_web_copy_link','published',1777089289,1777089289);
INSERT INTO "reviews" ("id","restaurant_id","slug","visit_date","meal_type","rating_overall","rating_food","rating_vibe","rating_service","rating_value","rating_size","commentary","would_return","instagram_url","status","created_at","updated_at") VALUES(37,43,'old-garden-kaffee-undated',NULL,'dessert',8,NULL,NULL,NULL,NULL,8,NULL,1,'https://www.instagram.com/p/CRla2DAtL9m/?utm_source=ig_web_copy_link','published',1777089289,1777089289);
INSERT INTO "reviews" ("id","restaurant_id","slug","visit_date","meal_type","rating_overall","rating_food","rating_vibe","rating_service","rating_value","rating_size","commentary","would_return","instagram_url","status","created_at","updated_at") VALUES(38,44,'gavroche-undated',NULL,'dinner',9,NULL,NULL,NULL,NULL,7,NULL,1,'https://www.instagram.com/p/CQnoLz2nwxb/?utm_source=ig_web_copy_link','published',1777089289,1777089289);
INSERT INTO "reviews" ("id","restaurant_id","slug","visit_date","meal_type","rating_overall","rating_food","rating_vibe","rating_service","rating_value","rating_size","commentary","would_return","instagram_url","status","created_at","updated_at") VALUES(39,45,'butter-undated',NULL,'dinner',9,NULL,NULL,NULL,NULL,8,NULL,1,'https://www.instagram.com/p/CQS_m5SNuAd/?utm_source=ig_web_copy_link','published',1777089289,1777089289);
INSERT INTO "reviews" ("id","restaurant_id","slug","visit_date","meal_type","rating_overall","rating_food","rating_vibe","rating_service","rating_value","rating_size","commentary","would_return","instagram_url","status","created_at","updated_at") VALUES(40,46,'nomad-undated',NULL,'dinner',9,NULL,NULL,NULL,NULL,8,NULL,1,'https://www.instagram.com/p/CgJgCxxP7ms/?utm_source=ig_web_copy_link','published',1777089289,1777089289);
INSERT INTO "reviews" ("id","restaurant_id","slug","visit_date","meal_type","rating_overall","rating_food","rating_vibe","rating_service","rating_value","rating_size","commentary","would_return","instagram_url","status","created_at","updated_at") VALUES(41,48,'kokoroya-undated',NULL,'dinner',9,NULL,NULL,NULL,NULL,7,NULL,1,NULL,'published',1777089289,1777089289);
INSERT INTO "reviews" ("id","restaurant_id","slug","visit_date","meal_type","rating_overall","rating_food","rating_vibe","rating_service","rating_value","rating_size","commentary","would_return","instagram_url","status","created_at","updated_at") VALUES(42,49,'glass-brasserie-undated',NULL,'dinner',9,NULL,NULL,NULL,NULL,7,NULL,1,NULL,'published',1777089289,1777089289);
INSERT INTO "reviews" ("id","restaurant_id","slug","visit_date","meal_type","rating_overall","rating_food","rating_vibe","rating_service","rating_value","rating_size","commentary","would_return","instagram_url","status","created_at","updated_at") VALUES(43,53,'tao-restaurant-undated',NULL,'dinner',8,NULL,NULL,NULL,NULL,7,NULL,1,'https://www.instagram.com/p/Cal9AT-v8pE/?utm_source=ig_web_copy_link','published',1777089289,1777089289);
INSERT INTO "reviews" ("id","restaurant_id","slug","visit_date","meal_type","rating_overall","rating_food","rating_vibe","rating_service","rating_value","rating_size","commentary","would_return","instagram_url","status","created_at","updated_at") VALUES(44,54,'el-jannah-s-undated',NULL,'dinner',8,NULL,NULL,NULL,NULL,8,NULL,1,NULL,'published',1777089289,1777089289);
INSERT INTO "reviews" ("id","restaurant_id","slug","visit_date","meal_type","rating_overall","rating_food","rating_vibe","rating_service","rating_value","rating_size","commentary","would_return","instagram_url","status","created_at","updated_at") VALUES(45,56,'pina-undated',NULL,'breakfast',9,NULL,NULL,NULL,NULL,8,NULL,1,'https://www.instagram.com/p/CaOuj_fPhEe/?utm_source=ig_web_copy_link','published',1777089289,1777089289);
INSERT INTO "reviews" ("id","restaurant_id","slug","visit_date","meal_type","rating_overall","rating_food","rating_vibe","rating_service","rating_value","rating_size","commentary","would_return","instagram_url","status","created_at","updated_at") VALUES(46,57,'benbry-burgers-undated',NULL,'dinner',8,NULL,NULL,NULL,NULL,9,NULL,1,'https://www.instagram.com/p/CaMUMFEPf7v/?utm_source=ig_web_copy_link','published',1777089289,1777089289);
INSERT INTO "reviews" ("id","restaurant_id","slug","visit_date","meal_type","rating_overall","rating_food","rating_vibe","rating_service","rating_value","rating_size","commentary","would_return","instagram_url","status","created_at","updated_at") VALUES(47,60,'two-chaps-undated',NULL,'brunch',8,NULL,NULL,NULL,NULL,7,NULL,1,NULL,'published',1777089289,1777089289);
INSERT INTO "reviews" ("id","restaurant_id","slug","visit_date","meal_type","rating_overall","rating_food","rating_vibe","rating_service","rating_value","rating_size","commentary","would_return","instagram_url","status","created_at","updated_at") VALUES(48,62,'mjolner-undated',NULL,'dinner',8,NULL,NULL,NULL,NULL,8,NULL,1,'https://www.instagram.com/p/CaWnirRP5KY/?utm_source=ig_web_copy_link','published',1777089289,1777089289);
INSERT INTO "reviews" ("id","restaurant_id","slug","visit_date","meal_type","rating_overall","rating_food","rating_vibe","rating_service","rating_value","rating_size","commentary","would_return","instagram_url","status","created_at","updated_at") VALUES(49,63,'the-little-snail-undated',NULL,'dinner',8,NULL,NULL,NULL,NULL,7,NULL,1,NULL,'published',1777089289,1777089289);
INSERT INTO "reviews" ("id","restaurant_id","slug","visit_date","meal_type","rating_overall","rating_food","rating_vibe","rating_service","rating_value","rating_size","commentary","would_return","instagram_url","status","created_at","updated_at") VALUES(50,64,'franca-brasserie-bar-undated',NULL,'dinner',9,NULL,NULL,NULL,NULL,7,NULL,1,NULL,'published',1777089289,1777089289);
INSERT INTO "reviews" ("id","restaurant_id","slug","visit_date","meal_type","rating_overall","rating_food","rating_vibe","rating_service","rating_value","rating_size","commentary","would_return","instagram_url","status","created_at","updated_at") VALUES(51,65,'eggshellent-undated',NULL,'brunch',9,NULL,NULL,NULL,NULL,7,NULL,1,NULL,'published',1777089289,1777089289);
INSERT INTO "reviews" ("id","restaurant_id","slug","visit_date","meal_type","rating_overall","rating_food","rating_vibe","rating_service","rating_value","rating_size","commentary","would_return","instagram_url","status","created_at","updated_at") VALUES(52,66,'chefs-gallery-undated',NULL,'dinner',9,NULL,NULL,NULL,NULL,8,NULL,1,NULL,'published',1777089289,1777089289);
INSERT INTO "reviews" ("id","restaurant_id","slug","visit_date","meal_type","rating_overall","rating_food","rating_vibe","rating_service","rating_value","rating_size","commentary","would_return","instagram_url","status","created_at","updated_at") VALUES(53,67,'tetsuyas-undated',NULL,'dinner',10,NULL,NULL,NULL,NULL,7,NULL,1,NULL,'published',1777089289,1777089289);
INSERT INTO "reviews" ("id","restaurant_id","slug","visit_date","meal_type","rating_overall","rating_food","rating_vibe","rating_service","rating_value","rating_size","commentary","would_return","instagram_url","status","created_at","updated_at") VALUES(54,68,'the-bavarian-undated',NULL,'dinner',8,NULL,NULL,NULL,NULL,10,NULL,1,NULL,'published',1777089289,1777089289);
INSERT INTO "reviews" ("id","restaurant_id","slug","visit_date","meal_type","rating_overall","rating_food","rating_vibe","rating_service","rating_value","rating_size","commentary","would_return","instagram_url","status","created_at","updated_at") VALUES(55,69,'cafe-crop-undated',NULL,'dessert',8,NULL,NULL,NULL,NULL,9,NULL,1,NULL,'published',1777089289,1777089289);
INSERT INTO "reviews" ("id","restaurant_id","slug","visit_date","meal_type","rating_overall","rating_food","rating_vibe","rating_service","rating_value","rating_size","commentary","would_return","instagram_url","status","created_at","updated_at") VALUES(56,70,'kanzai-japanese-restaurant-undated',NULL,'dinner',8,NULL,NULL,NULL,NULL,10,NULL,1,NULL,'published',1777089289,1777089289);
INSERT INTO "reviews" ("id","restaurant_id","slug","visit_date","meal_type","rating_overall","rating_food","rating_vibe","rating_service","rating_value","rating_size","commentary","would_return","instagram_url","status","created_at","updated_at") VALUES(57,71,'kobe-wagyu-undated',NULL,'dinner',9,NULL,NULL,NULL,NULL,10,NULL,1,NULL,'published',1777089289,1777089289);
INSERT INTO "reviews" ("id","restaurant_id","slug","visit_date","meal_type","rating_overall","rating_food","rating_vibe","rating_service","rating_value","rating_size","commentary","would_return","instagram_url","status","created_at","updated_at") VALUES(58,72,'bondi-pizza-undated',NULL,'dinner',8,NULL,NULL,NULL,NULL,8,NULL,1,NULL,'published',1777089289,1777089289);
INSERT INTO "reviews" ("id","restaurant_id","slug","visit_date","meal_type","rating_overall","rating_food","rating_vibe","rating_service","rating_value","rating_size","commentary","would_return","instagram_url","status","created_at","updated_at") VALUES(59,73,'the-savoury-dining-undated',NULL,'dinner',7,NULL,NULL,NULL,NULL,10,NULL,1,NULL,'published',1777089289,1777089289);
INSERT INTO "reviews" ("id","restaurant_id","slug","visit_date","meal_type","rating_overall","rating_food","rating_vibe","rating_service","rating_value","rating_size","commentary","would_return","instagram_url","status","created_at","updated_at") VALUES(60,74,'mango-coco-undated',NULL,'dessert',8,NULL,NULL,NULL,NULL,9,NULL,1,NULL,'published',1777089289,1777089289);
INSERT INTO "reviews" ("id","restaurant_id","slug","visit_date","meal_type","rating_overall","rating_food","rating_vibe","rating_service","rating_value","rating_size","commentary","would_return","instagram_url","status","created_at","updated_at") VALUES(61,75,'niji-sushi-undated',NULL,'dinner',8,NULL,NULL,NULL,NULL,7,NULL,1,NULL,'published',1777089289,1777089289);
INSERT INTO "reviews" ("id","restaurant_id","slug","visit_date","meal_type","rating_overall","rating_food","rating_vibe","rating_service","rating_value","rating_size","commentary","would_return","instagram_url","status","created_at","updated_at") VALUES(62,76,'kujira-undated',NULL,'dinner',8,NULL,NULL,NULL,NULL,7,NULL,1,NULL,'published',1777089289,1777089289);
INSERT INTO "reviews" ("id","restaurant_id","slug","visit_date","meal_type","rating_overall","rating_food","rating_vibe","rating_service","rating_value","rating_size","commentary","would_return","instagram_url","status","created_at","updated_at") VALUES(63,77,'via-napoli-undated',NULL,'dinner',8,NULL,NULL,NULL,NULL,8,NULL,1,NULL,'published',1777089289,1777089289);
INSERT INTO "reviews" ("id","restaurant_id","slug","visit_date","meal_type","rating_overall","rating_food","rating_vibe","rating_service","rating_value","rating_size","commentary","would_return","instagram_url","status","created_at","updated_at") VALUES(64,78,'kurtosh-undated',NULL,'dessert',9,NULL,NULL,NULL,NULL,7,NULL,1,NULL,'published',1777089289,1777089289);
INSERT INTO "reviews" ("id","restaurant_id","slug","visit_date","meal_type","rating_overall","rating_food","rating_vibe","rating_service","rating_value","rating_size","commentary","would_return","instagram_url","status","created_at","updated_at") VALUES(65,80,'marrickville-pork-roll-undated',NULL,'lunch',8,NULL,NULL,NULL,NULL,9,NULL,1,NULL,'published',1777089289,1777089289);
INSERT INTO "reviews" ("id","restaurant_id","slug","visit_date","meal_type","rating_overall","rating_food","rating_vibe","rating_service","rating_value","rating_size","commentary","would_return","instagram_url","status","created_at","updated_at") VALUES(66,81,'nam-fong-undated',NULL,'lunch',8,NULL,NULL,NULL,NULL,9,NULL,1,NULL,'published',1777089289,1777089289);
INSERT INTO "reviews" ("id","restaurant_id","slug","visit_date","meal_type","rating_overall","rating_food","rating_vibe","rating_service","rating_value","rating_size","commentary","would_return","instagram_url","status","created_at","updated_at") VALUES(67,82,'italian-street-kitchen-undated',NULL,'dinner',9,NULL,NULL,NULL,NULL,8,NULL,1,NULL,'published',1777089289,1777089289);
INSERT INTO "reviews" ("id","restaurant_id","slug","visit_date","meal_type","rating_overall","rating_food","rating_vibe","rating_service","rating_value","rating_size","commentary","would_return","instagram_url","status","created_at","updated_at") VALUES(68,83,'marilynas-undated',NULL,'dinner',8,NULL,NULL,NULL,NULL,8,NULL,1,NULL,'published',1777089289,1777089289);
INSERT INTO "reviews" ("id","restaurant_id","slug","visit_date","meal_type","rating_overall","rating_food","rating_vibe","rating_service","rating_value","rating_size","commentary","would_return","instagram_url","status","created_at","updated_at") VALUES(69,84,'sails-lavendar-bay-undated',NULL,'dinner',9,NULL,NULL,NULL,NULL,8,NULL,1,NULL,'published',1777089289,1777089289);
INSERT INTO "reviews" ("id","restaurant_id","slug","visit_date","meal_type","rating_overall","rating_food","rating_vibe","rating_service","rating_value","rating_size","commentary","would_return","instagram_url","status","created_at","updated_at") VALUES(70,85,'ho-jiak-undated',NULL,'dinner',7,NULL,NULL,NULL,NULL,8,NULL,1,NULL,'published',1777089289,1777089289);
INSERT INTO "reviews" ("id","restaurant_id","slug","visit_date","meal_type","rating_overall","rating_food","rating_vibe","rating_service","rating_value","rating_size","commentary","would_return","instagram_url","status","created_at","updated_at") VALUES(71,86,'kowloon-cafe-undated',NULL,'dinner',8,NULL,NULL,NULL,NULL,7,NULL,1,NULL,'published',1777089289,1777089289);
INSERT INTO "reviews" ("id","restaurant_id","slug","visit_date","meal_type","rating_overall","rating_food","rating_vibe","rating_service","rating_value","rating_size","commentary","would_return","instagram_url","status","created_at","updated_at") VALUES(72,87,'royal-treasure-seafood-restaurant-undated',NULL,'lunch',7,NULL,NULL,NULL,NULL,8,NULL,1,NULL,'published',1777089289,1777089289);
INSERT INTO "reviews" ("id","restaurant_id","slug","visit_date","meal_type","rating_overall","rating_food","rating_vibe","rating_service","rating_value","rating_size","commentary","would_return","instagram_url","status","created_at","updated_at") VALUES(73,88,'bay-vista-undated',NULL,'dessert',8,NULL,NULL,NULL,NULL,9,NULL,1,NULL,'published',1777089289,1777089289);
INSERT INTO "reviews" ("id","restaurant_id","slug","visit_date","meal_type","rating_overall","rating_food","rating_vibe","rating_service","rating_value","rating_size","commentary","would_return","instagram_url","status","created_at","updated_at") VALUES(74,89,'alberto-s-lounge-undated',NULL,'dinner',7,NULL,NULL,NULL,NULL,7,NULL,1,NULL,'published',1777089289,1777089289);
INSERT INTO "reviews" ("id","restaurant_id","slug","visit_date","meal_type","rating_overall","rating_food","rating_vibe","rating_service","rating_value","rating_size","commentary","would_return","instagram_url","status","created_at","updated_at") VALUES(75,95,'dopa-undated',NULL,'dinner',8,NULL,NULL,NULL,NULL,7,NULL,1,NULL,'published',1777089289,1777089289);
INSERT INTO "reviews" ("id","restaurant_id","slug","visit_date","meal_type","rating_overall","rating_food","rating_vibe","rating_service","rating_value","rating_size","commentary","would_return","instagram_url","status","created_at","updated_at") VALUES(76,97,'torotoro-ramen-bar-undated',NULL,'dinner',7,NULL,NULL,NULL,NULL,7,NULL,1,'https://www.instagram.com/p/CfBcy12PW-B/?utm_source=ig_web_copy_link','published',1777089289,1777089289);
INSERT INTO "reviews" ("id","restaurant_id","slug","visit_date","meal_type","rating_overall","rating_food","rating_vibe","rating_service","rating_value","rating_size","commentary","would_return","instagram_url","status","created_at","updated_at") VALUES(77,101,'bistecca-undated',NULL,'dinner',9,NULL,NULL,NULL,NULL,8,NULL,1,NULL,'published',1777089289,1777089289);
INSERT INTO "reviews" ("id","restaurant_id","slug","visit_date","meal_type","rating_overall","rating_food","rating_vibe","rating_service","rating_value","rating_size","commentary","would_return","instagram_url","status","created_at","updated_at") VALUES(78,102,'rockpool-bar-and-grill-undated',NULL,'dinner',9,NULL,NULL,NULL,NULL,8,NULL,1,NULL,'published',1777089289,1777089289);
INSERT INTO "reviews" ("id","restaurant_id","slug","visit_date","meal_type","rating_overall","rating_food","rating_vibe","rating_service","rating_value","rating_size","commentary","would_return","instagram_url","status","created_at","updated_at") VALUES(79,103,'mister-gees-undated',NULL,'dinner',9,NULL,NULL,NULL,NULL,9,NULL,1,NULL,'published',1777089289,1777089289);
INSERT INTO "reviews" ("id","restaurant_id","slug","visit_date","meal_type","rating_overall","rating_food","rating_vibe","rating_service","rating_value","rating_size","commentary","would_return","instagram_url","status","created_at","updated_at") VALUES(80,108,'legend-hotpot-buffet-undated',NULL,'dinner',8,NULL,NULL,NULL,NULL,10,NULL,1,NULL,'published',1777089289,1777089289);
INSERT INTO "reviews" ("id","restaurant_id","slug","visit_date","meal_type","rating_overall","rating_food","rating_vibe","rating_service","rating_value","rating_size","commentary","would_return","instagram_url","status","created_at","updated_at") VALUES(81,111,'cucina-porto-undated',NULL,'dinner',8,NULL,NULL,NULL,NULL,7,NULL,1,NULL,'published',1777089289,1777089289);
INSERT INTO "reviews" ("id","restaurant_id","slug","visit_date","meal_type","rating_overall","rating_food","rating_vibe","rating_service","rating_value","rating_size","commentary","would_return","instagram_url","status","created_at","updated_at") VALUES(82,113,'social-society-undated',NULL,'breakfast',8,NULL,NULL,NULL,NULL,8,NULL,1,'https://www.instagram.com/p/CgeEOU4vIdo/?utm_source=ig_web_copy_link','published',1777089289,1777089289);
INSERT INTO "reviews" ("id","restaurant_id","slug","visit_date","meal_type","rating_overall","rating_food","rating_vibe","rating_service","rating_value","rating_size","commentary","would_return","instagram_url","status","created_at","updated_at") VALUES(83,114,'american-bbq-kitchen-undated',NULL,'dinner',8,NULL,NULL,NULL,NULL,10,NULL,1,'https://www.instagram.com/p/CgMNclmP92u/?utm_source=ig_web_copy_link','published',1777089289,1777089289);
INSERT INTO "reviews" ("id","restaurant_id","slug","visit_date","meal_type","rating_overall","rating_food","rating_vibe","rating_service","rating_value","rating_size","commentary","would_return","instagram_url","status","created_at","updated_at") VALUES(84,115,'bopp-and-tone-undated',NULL,'dinner',9,NULL,NULL,NULL,NULL,6,NULL,1,NULL,'published',1777089289,1777089289);
INSERT INTO "reviews" ("id","restaurant_id","slug","visit_date","meal_type","rating_overall","rating_food","rating_vibe","rating_service","rating_value","rating_size","commentary","would_return","instagram_url","status","created_at","updated_at") VALUES(85,118,'where-s-wolli-undated',NULL,'breakfast',9,NULL,NULL,NULL,NULL,10,NULL,1,'https://www.instagram.com/p/Cgtq4N5PDxp/?igshid=YmMyMTA2M2Y=','published',1777089289,1777089289);
INSERT INTO "reviews" ("id","restaurant_id","slug","visit_date","meal_type","rating_overall","rating_food","rating_vibe","rating_service","rating_value","rating_size","commentary","would_return","instagram_url","status","created_at","updated_at") VALUES(86,119,'cubby-s-kitchen-undated',NULL,'dinner',8,NULL,NULL,NULL,NULL,10,NULL,1,NULL,'published',1777089289,1777089289);
INSERT INTO "reviews" ("id","restaurant_id","slug","visit_date","meal_type","rating_overall","rating_food","rating_vibe","rating_service","rating_value","rating_size","commentary","would_return","instagram_url","status","created_at","updated_at") VALUES(87,121,'super-nash-brothers-undated',NULL,'dinner',7,NULL,NULL,NULL,NULL,7,NULL,1,NULL,'published',1777089289,1777089289);
INSERT INTO "reviews" ("id","restaurant_id","slug","visit_date","meal_type","rating_overall","rating_food","rating_vibe","rating_service","rating_value","rating_size","commentary","would_return","instagram_url","status","created_at","updated_at") VALUES(88,122,'ippuku-undated',NULL,'breakfast',8,NULL,NULL,NULL,NULL,7,NULL,1,NULL,'published',1777089289,1777089289);
INSERT INTO "reviews" ("id","restaurant_id","slug","visit_date","meal_type","rating_overall","rating_food","rating_vibe","rating_service","rating_value","rating_size","commentary","would_return","instagram_url","status","created_at","updated_at") VALUES(89,123,'pellegrino-2000-undated',NULL,'dinner',9,NULL,NULL,NULL,NULL,7,NULL,1,NULL,'published',1777089289,1777089289);
INSERT INTO "reviews" ("id","restaurant_id","slug","visit_date","meal_type","rating_overall","rating_food","rating_vibe","rating_service","rating_value","rating_size","commentary","would_return","instagram_url","status","created_at","updated_at") VALUES(90,124,'cicerone-cucina-romana-undated',NULL,'dinner',10,NULL,NULL,NULL,NULL,9,NULL,1,NULL,'published',1777089289,1777089289);
INSERT INTO "reviews" ("id","restaurant_id","slug","visit_date","meal_type","rating_overall","rating_food","rating_vibe","rating_service","rating_value","rating_size","commentary","would_return","instagram_url","status","created_at","updated_at") VALUES(91,127,'cheung-sing-bbq-house-undated',NULL,'dinner',7,NULL,NULL,NULL,NULL,8,NULL,1,NULL,'published',1777089289,1777089289);
INSERT INTO "reviews" ("id","restaurant_id","slug","visit_date","meal_type","rating_overall","rating_food","rating_vibe","rating_service","rating_value","rating_size","commentary","would_return","instagram_url","status","created_at","updated_at") VALUES(92,128,'nour-undated',NULL,'dinner',9,NULL,NULL,NULL,NULL,8,NULL,1,'https://www.instagram.com/p/CpKIx67uyGr/?igshid=YmMyMTA2M2Y%3D','published',1777089289,1777089289);
INSERT INTO "reviews" ("id","restaurant_id","slug","visit_date","meal_type","rating_overall","rating_food","rating_vibe","rating_service","rating_value","rating_size","commentary","would_return","instagram_url","status","created_at","updated_at") VALUES(93,129,'ezra-undated',NULL,'dinner',9,NULL,NULL,NULL,NULL,8,NULL,1,NULL,'published',1777089289,1777089289);
INSERT INTO "reviews" ("id","restaurant_id","slug","visit_date","meal_type","rating_overall","rating_food","rating_vibe","rating_service","rating_value","rating_size","commentary","would_return","instagram_url","status","created_at","updated_at") VALUES(94,140,'ms-gs-undated',NULL,'dinner',8,NULL,NULL,NULL,NULL,8,NULL,1,NULL,'published',1777089289,1777089289);
INSERT INTO "reviews" ("id","restaurant_id","slug","visit_date","meal_type","rating_overall","rating_food","rating_vibe","rating_service","rating_value","rating_size","commentary","would_return","instagram_url","status","created_at","updated_at") VALUES(95,143,'besuto-undated',NULL,'dinner',10,NULL,NULL,NULL,NULL,7,NULL,1,NULL,'published',1777089289,1777089289);
INSERT INTO "reviews" ("id","restaurant_id","slug","visit_date","meal_type","rating_overall","rating_food","rating_vibe","rating_service","rating_value","rating_size","commentary","would_return","instagram_url","status","created_at","updated_at") VALUES(96,144,'a-tavola-undated',NULL,'dinner',9,NULL,NULL,NULL,NULL,9,NULL,1,'Coming Soon…','published',1777089289,1777089289);
INSERT INTO "reviews" ("id","restaurant_id","slug","visit_date","meal_type","rating_overall","rating_food","rating_vibe","rating_service","rating_value","rating_size","commentary","would_return","instagram_url","status","created_at","updated_at") VALUES(97,147,'baccomatto-osteria-undated',NULL,'dinner',7,NULL,NULL,NULL,NULL,7,NULL,1,NULL,'published',1777089289,1777089289);
INSERT INTO "reviews" ("id","restaurant_id","slug","visit_date","meal_type","rating_overall","rating_food","rating_vibe","rating_service","rating_value","rating_size","commentary","would_return","instagram_url","status","created_at","updated_at") VALUES(98,148,'charlie-franks-undated',NULL,'breakfast',7,NULL,NULL,NULL,NULL,8,NULL,1,NULL,'published',1777089289,1777089289);
INSERT INTO "reviews" ("id","restaurant_id","slug","visit_date","meal_type","rating_overall","rating_food","rating_vibe","rating_service","rating_value","rating_size","commentary","would_return","instagram_url","status","created_at","updated_at") VALUES(99,150,'time-for-thai-undated',NULL,'dinner',9,NULL,NULL,NULL,NULL,8,NULL,1,NULL,'published',1777089289,1777089289);
INSERT INTO "reviews" ("id","restaurant_id","slug","visit_date","meal_type","rating_overall","rating_food","rating_vibe","rating_service","rating_value","rating_size","commentary","would_return","instagram_url","status","created_at","updated_at") VALUES(100,154,'bistro-916-undated',NULL,'dinner',9,NULL,NULL,NULL,NULL,8,NULL,1,NULL,'published',1777089289,1777089289);
INSERT INTO "reviews" ("id","restaurant_id","slug","visit_date","meal_type","rating_overall","rating_food","rating_vibe","rating_service","rating_value","rating_size","commentary","would_return","instagram_url","status","created_at","updated_at") VALUES(101,159,'valentinas-undated',NULL,'breakfast',7,NULL,NULL,NULL,NULL,7,NULL,1,NULL,'published',1777089289,1777089289);
INSERT INTO "reviews" ("id","restaurant_id","slug","visit_date","meal_type","rating_overall","rating_food","rating_vibe","rating_service","rating_value","rating_size","commentary","would_return","instagram_url","status","created_at","updated_at") VALUES(102,163,'mimi-s-undated',NULL,'dinner',10,NULL,NULL,NULL,NULL,8,NULL,1,NULL,'published',1777089289,1777089289);
INSERT INTO "reviews" ("id","restaurant_id","slug","visit_date","meal_type","rating_overall","rating_food","rating_vibe","rating_service","rating_value","rating_size","commentary","would_return","instagram_url","status","created_at","updated_at") VALUES(103,164,'turka-cafe-undated',NULL,'lunch',8,NULL,NULL,NULL,NULL,9,NULL,1,NULL,'published',1777089289,1777089289);
INSERT INTO "reviews" ("id","restaurant_id","slug","visit_date","meal_type","rating_overall","rating_food","rating_vibe","rating_service","rating_value","rating_size","commentary","would_return","instagram_url","status","created_at","updated_at") VALUES(104,166,'chubby-cheeks-undated',NULL,'dinner',8,NULL,NULL,NULL,NULL,7,NULL,1,'https://www.instagram.com/p/CqARwalPwiK/?igshid=YmMyMTA2M2Y=','published',1777089289,1777089289);
INSERT INTO "reviews" ("id","restaurant_id","slug","visit_date","meal_type","rating_overall","rating_food","rating_vibe","rating_service","rating_value","rating_size","commentary","would_return","instagram_url","status","created_at","updated_at") VALUES(105,167,'luho-undated',NULL,'dinner',8,NULL,NULL,NULL,NULL,7,NULL,1,'Coming Soon…','published',1777089289,1777089289);
INSERT INTO "reviews" ("id","restaurant_id","slug","visit_date","meal_type","rating_overall","rating_food","rating_vibe","rating_service","rating_value","rating_size","commentary","would_return","instagram_url","status","created_at","updated_at") VALUES(106,173,'aqua-e-farina-undated',NULL,'dinner',9,NULL,NULL,NULL,NULL,9,NULL,1,NULL,'published',1777089289,1777089289);
INSERT INTO "reviews" ("id","restaurant_id","slug","visit_date","meal_type","rating_overall","rating_food","rating_vibe","rating_service","rating_value","rating_size","commentary","would_return","instagram_url","status","created_at","updated_at") VALUES(107,175,'la-favola-undated',NULL,'dinner',7,NULL,NULL,NULL,NULL,7,NULL,1,NULL,'published',1777089289,1777089289);
INSERT INTO "reviews" ("id","restaurant_id","slug","visit_date","meal_type","rating_overall","rating_food","rating_vibe","rating_service","rating_value","rating_size","commentary","would_return","instagram_url","status","created_at","updated_at") VALUES(108,180,'cooh-bourke-road-undated',NULL,'breakfast',8,NULL,NULL,NULL,NULL,8,NULL,1,NULL,'published',1777089289,1777089289);
INSERT INTO "reviews" ("id","restaurant_id","slug","visit_date","meal_type","rating_overall","rating_food","rating_vibe","rating_service","rating_value","rating_size","commentary","would_return","instagram_url","status","created_at","updated_at") VALUES(109,185,'the-char-rotisserie-undated',NULL,'dinner',9,NULL,NULL,NULL,NULL,9,NULL,1,NULL,'published',1777089289,1777089289);
INSERT INTO "reviews" ("id","restaurant_id","slug","visit_date","meal_type","rating_overall","rating_food","rating_vibe","rating_service","rating_value","rating_size","commentary","would_return","instagram_url","status","created_at","updated_at") VALUES(110,189,'chao-praya-undated',NULL,'dinner',9,NULL,NULL,NULL,NULL,9,NULL,1,NULL,'published',1777089289,1777089289);
INSERT INTO "reviews" ("id","restaurant_id","slug","visit_date","meal_type","rating_overall","rating_food","rating_vibe","rating_service","rating_value","rating_size","commentary","would_return","instagram_url","status","created_at","updated_at") VALUES(111,190,'chin-chin-undated',NULL,'dinner',8,NULL,NULL,NULL,NULL,7,NULL,1,NULL,'published',1777089289,1777089289);
INSERT INTO "reviews" ("id","restaurant_id","slug","visit_date","meal_type","rating_overall","rating_food","rating_vibe","rating_service","rating_value","rating_size","commentary","would_return","instagram_url","status","created_at","updated_at") VALUES(112,192,'bastardo-undated',NULL,'dinner',8,NULL,NULL,NULL,NULL,6,NULL,1,NULL,'published',1777089289,1777089289);
INSERT INTO "reviews" ("id","restaurant_id","slug","visit_date","meal_type","rating_overall","rating_food","rating_vibe","rating_service","rating_value","rating_size","commentary","would_return","instagram_url","status","created_at","updated_at") VALUES(113,193,'warike-restaurant-undated',NULL,'dinner',10,NULL,NULL,NULL,NULL,8,NULL,1,NULL,'published',1777089289,1777089289);
INSERT INTO "reviews" ("id","restaurant_id","slug","visit_date","meal_type","rating_overall","rating_food","rating_vibe","rating_service","rating_value","rating_size","commentary","would_return","instagram_url","status","created_at","updated_at") VALUES(114,200,'bistro-nido-undated',NULL,'dinner',7,NULL,NULL,NULL,NULL,6,NULL,1,NULL,'published',1777089289,1777089289);
INSERT INTO "reviews" ("id","restaurant_id","slug","visit_date","meal_type","rating_overall","rating_food","rating_vibe","rating_service","rating_value","rating_size","commentary","would_return","instagram_url","status","created_at","updated_at") VALUES(115,202,'kindred-undated',NULL,'dinner',8,NULL,NULL,NULL,NULL,7,NULL,1,NULL,'published',1777089289,1777089289);
INSERT INTO "reviews" ("id","restaurant_id","slug","visit_date","meal_type","rating_overall","rating_food","rating_vibe","rating_service","rating_value","rating_size","commentary","would_return","instagram_url","status","created_at","updated_at") VALUES(116,204,'palazzo-salato-undated',NULL,'dinner',8,NULL,NULL,NULL,NULL,7,NULL,1,NULL,'published',1777089289,1777089289);
INSERT INTO "reviews" ("id","restaurant_id","slug","visit_date","meal_type","rating_overall","rating_food","rating_vibe","rating_service","rating_value","rating_size","commentary","would_return","instagram_url","status","created_at","updated_at") VALUES(117,207,'spuntini-undated',NULL,'dinner',9,NULL,NULL,NULL,NULL,8,NULL,1,NULL,'published',1777089289,1777089289);
INSERT INTO "reviews" ("id","restaurant_id","slug","visit_date","meal_type","rating_overall","rating_food","rating_vibe","rating_service","rating_value","rating_size","commentary","would_return","instagram_url","status","created_at","updated_at") VALUES(118,208,'promenade-undated',NULL,'dinner',8,NULL,NULL,NULL,NULL,7,NULL,1,NULL,'published',1777089289,1777089289);
INSERT INTO "reviews" ("id","restaurant_id","slug","visit_date","meal_type","rating_overall","rating_food","rating_vibe","rating_service","rating_value","rating_size","commentary","would_return","instagram_url","status","created_at","updated_at") VALUES(119,212,'lima-nikkei-restaurant-undated',NULL,'dinner',9,NULL,NULL,NULL,NULL,7,NULL,1,NULL,'published',1777089289,1777089289);
INSERT INTO "reviews" ("id","restaurant_id","slug","visit_date","meal_type","rating_overall","rating_food","rating_vibe","rating_service","rating_value","rating_size","commentary","would_return","instagram_url","status","created_at","updated_at") VALUES(120,216,'macchiato-undated',NULL,'dinner',8,NULL,NULL,NULL,NULL,9,NULL,1,NULL,'published',1777089289,1777089289);
INSERT INTO "reviews" ("id","restaurant_id","slug","visit_date","meal_type","rating_overall","rating_food","rating_vibe","rating_service","rating_value","rating_size","commentary","would_return","instagram_url","status","created_at","updated_at") VALUES(121,226,'surlys-american-tavern-undated',NULL,'dinner',7,NULL,NULL,NULL,NULL,8,NULL,1,NULL,'published',1777089289,1777089289);
INSERT INTO "reviews" ("id","restaurant_id","slug","visit_date","meal_type","rating_overall","rating_food","rating_vibe","rating_service","rating_value","rating_size","commentary","would_return","instagram_url","status","created_at","updated_at") VALUES(122,229,'cafe-paci-undated',NULL,'dinner',8,NULL,NULL,NULL,NULL,8,NULL,1,NULL,'published',1777089289,1777089289);
INSERT INTO "reviews" ("id","restaurant_id","slug","visit_date","meal_type","rating_overall","rating_food","rating_vibe","rating_service","rating_value","rating_size","commentary","would_return","instagram_url","status","created_at","updated_at") VALUES(123,235,'callao-undated',NULL,'dinner',9,NULL,NULL,NULL,NULL,7,NULL,1,NULL,'published',1777089289,1777089289);
INSERT INTO "reviews" ("id","restaurant_id","slug","visit_date","meal_type","rating_overall","rating_food","rating_vibe","rating_service","rating_value","rating_size","commentary","would_return","instagram_url","status","created_at","updated_at") VALUES(124,238,'henrietta-charcoal-chicken-surry-hills-undated',NULL,'dinner',10,NULL,NULL,8,8.5,NULL,NULL,1,NULL,'published',1777204867,1777204867);
DELETE FROM sqlite_sequence;
INSERT INTO "sqlite_sequence" ("name","seq") VALUES('d1_migrations',4);
CREATE INDEX idx_photos_review       ON photos(review_id);
CREATE INDEX idx_standout_review     ON standout_items(review_id);
CREATE INDEX idx_restaurant_location ON restaurants(location_id);
CREATE INDEX idx_restaurant_place_id ON restaurants(place_id);
CREATE INDEX idx_reviews_restaurant  ON reviews(restaurant_id);
CREATE INDEX idx_reviews_status_date ON reviews(status, visit_date DESC);
CREATE INDEX idx_reviews_meal        ON reviews(meal_type);
